Pág (PDF),Capítulo,Comentario,Corregido,Notas
37,3. Parte central,"Pueden ponerle cualquier nombre, más poético o más descriptivo, pero definitivamente este capítulo no se puede llamar ""parte central"" jajajajaja. Parece como si fuera un nombre genérico de un template. Puede ser algo como ""Generación de mundos"" o lo que sea. Si le ponen un nombre al sistema (EVIE o el que elijan) pueden usar ese nombre acá",TRUE,FASE 1: Cap 3 renombrado a 'Diseño y Arquitectura del Sistema'
37,3. Parte central,"PAYADOR va en mayúscula, recuerden (porque es un acrónimo)",TRUE,FASE 4: Verificado - consistente en todo el documento
37,3. Parte central,"""juego que ofrece el sistema actual."" --- ¿Cuál es el sistema actual?  En todo caso, quizás quieren decir ""mantener o mejorar el desempeño que el sistema PAYADOR ofrece"". Obviamente este comentario que les dejo está relacionado con ese cambio de mentalidad en que esto no es PAYADOR v2 sino otra cosa más sarpada construida usando PAYADOR como ingrediente",TRUE,
37,3. Parte central,"""Este enfoque surgi´o como soluci´on a problemas cr´ıticos observados en aproximaciones m´as directas, "" -- no entendí lo de ""aproximaciones más directas""",TRUE,
37,3. Parte central,"Cuando empiezan a poner los títulos de los componentes que integran la arquitectura, hagan un enganche, tipo ""A continuación mencionaremos cada uno de estos componentes, indicando en qué sección se describirán en profundidad"". Pero además todas estas son contribuciones de ustedes, no estaban en el PAYADOR original, así que pueden incluso decir: ""A continuación mencionaremos cada uno de estos componentes --- que son parte de las contribuciones de este trabajo --- indicando en qué sección se describirán en profundidad"". ",TRUE,FASE 1: Agregado enganche con menciones explícitas a contribuciones y referencias \ref{}
37,3. Parte central,"""responsabilidad creativa"" hay que definirlo y citar algo, puede ser esto: https://ebooks.iospress.nl/doi/10.3233/978-1-61499-098-7-21",TRUE,
37,3. Parte central,"En ""Sistema de representaci´on estructurada"" refieren dos veces a la 3.2.2 ¿está bien eso? Si es así, no lo hagan; reacomoden el párrafo para que se refiera solo una vez. De no ser así, corrijan la referencia :)",FALSE,
37,3. Parte central,"Es un poco raro que mencionen el objetivo ""SOLVE_MYSTERY"" cuando no mencionan a los otros, no dicen cuántos son en total, ni tampoco explican más sobre ese SOLVE_MYSTERY.",TRUE,
38,3. Parte central,"De nuevo hay ejemplos entre paréntesis sin el ""p. ej.:""",TRUE,FASE 3: Agregado 'p. ej.:' a ~20 instancias de listas en paréntesis
38,3. Parte central,"""detallado en la sección XX"" -- faltó enlazar la seccion ahi, y métanle un futuro explícito ""que será detallado""",FALSE,
38,3. Parte central,"""puzle"" es la palabra en español. Si quieren usar la palabra en inglés (puzzle), pónganlo en cursiva",TRUE,FASE 4: Reemplazado 'puzzle(s)' por 'puzle(s)' en todo el documento (100+ instancias)
38,3. Parte central,"""MongoDB resulto ser mas que una simple funcionalidad de almacenamiento"" -- lenguaje marketingero: bajarle el tono. En general, si dicen ""La persistencia de mundos generados mediante MongoDB"" y enganchan de una con ""proporcionó capacidades de reproducibilidad"".... ya queda bien",TRUE,
38,3. Parte central,"""debugging"" va con cursiva",TRUE,FASE 4: Cambiado 'gameplay' a 'juego' (2 instancias). Otros anglicismos ya corregidos en FASE 3
38,3. Parte central,"""La capacidad de recuperar mundos exactos con problemas espec´ıficos aceler´o significativamente la"" --- pueden explicar esto mejor. Sean explícitos con que la idea es cargar un mundo generado y un estado del juego específico",TRUE,
38,3. Parte central,"De nuevo hay varios enlaces a ""XX""",FALSE,
38,3. Parte central,"""Esta nueva interfaz, usando Streamlit"" --> ""Esta nueva interfaz, usando la biblioteca Streamlit"" (o framework, lo que sea que les parezca poner ahí :) )",TRUE,
38,3. Parte central,"Ahora veo que en la parte de ""Interfaz de juego mejorada"" hablan de los cinco modos de juego. Bueno, les propongo que agreguen otro item más en este listado de componentes/aportes que sea ""Modos de juegos diferentes"" y ahí los nombren. Esto tiene que estar más arriba en esta lista de aportes de su trabajo, así en ""integración con Mongo DB"" pueden decir de una ""modo Replay"" y en ""Interfaz de juego mejorada"" no tienen que nombrar los 5 modos de juego",TRUE,
38,3. Parte central,""" y soporte multiling¨ue completo"" -- ser más específicos. Alguien de PLN puede pensar  (por intuición desarrollada en su actividad profesional) que hicieron alguna integración pensando en modelos multilingues",TRUE,
38,3. Parte central,"Al arrancar la 3.2.1 dicen al pasar lo de la estrategia one-shot. El lector va a pensar que se le perdió alguna página del PDF, porque nunca hablan de eso (porque acaban de empezar) pero parece que fuera ""tema pasado"". Agréguenle alguna introducción suave como ""Al inciar el proyecto hicimos varios experimentos preliminares usando una única llamada al LLM (...)"" y ahí digan tooooodo lo que tengan para decir sobre el asunto. Y luego sí, enganchen con qué fue lo que hicieron",TRUE,FASE 1: Agregada sección 'Motivación' en Pipeline explicando experimentos preliminares antes de presentar pipeline incremental
38,3. Parte central,"Mencionan de nuevo lo de la ""sobrecarga cognitiva del modelo"". Es raro eso, nunca lo había leído. Cámbienlo o citen de dónde sale. Me da la impresión de que están queriendo decir algo que puede ser definido/indicado en palabras simples",TRUE,
38,3. Parte central,"Che, por qué ponen este título en el párrafo? ""Motivación del diseño por etapas"". No es la primera vez que lo veo en los proyectos de grado de este año (antes no pasaba) ¿Es que GPT les sugiere ese estilo de escritura? Ese título no es necesario y está rompiendo el flujo de lectura. Fíjense que lo último que dicen en el párrafo anterior es lo de las 5 etapas, y al ver un título en negrita el lector va a pensar que esta es la primera etapa....y no.

... ¿o es que el template que dan en el EVA de proyecto de grado tiene subsubsecciones con ese formato? No las usen, es confuso.",TRUE,FASE 3: Eliminados TODOS los \paragraph y \subparagraph (~55 títulos) - integrados en texto con conectores
38,3. Parte central,"Ahora veo que lo que comenté arriba es lo que les pedí en el inicio de la 3.2.1: la descripción de los experimentos preliminares. Todo esto va ahi, al inicio. Y luego ya dicen lo del pipeline en 5 etapas y se meten de una a describirlas. Hacer esto, de anunciar una cosa, pasar a otra, y volver para atrás, para luego seguir con lo otro (A B A B) confunde muchísimo al lector.",TRUE,"FASE 1: Reorganizado flujo del Pipeline - experimentos preliminares al inicio, luego pipeline completo sin saltos"
39,3. Parte central,"""alcanz´abamos repetidamente el l´ımite de caracteres "" --- de caracteres o de tokens? (capaz que está bien caracteres, no digo que no, sólo lo dejo acá para que lo revisen)",TRUE,
39,3. Parte central,"""Para investigar estos problemas"" --> ""Para entender y caracterizar mejor estos problemas""                                       investigar es una palabra más dura",TRUE,
39,3. Parte central,"""(el mundo de la tortuga)"" no va, porque no usan luego eso. Lo adecuado es decir ""inspirada en uno de los mundos diseñados originalmente para evaluar PAYADOR"" y ahí meten cita a mi tesis de maestría (que les dejé el bibtex entre los comentarios del capítulo 2)",TRUE,
39,3. Parte central,"""Los resultados fueron significativamente superiores"" no va en negrita, ya con la estructura de poner "":"" al lado le están dando un énfasis como si fuera un título",TRUE,
39,3. Parte central,"""Si bien el enfoque incremental no elimina completamente los errores de generaci´on (particularmente en mundos de alta complejidad donde el LLM ocasionalmente puedesi omitir elementos o crear inconstencias) la frecuencia"" --- todo esto no va en el párrafo de los experimentos preliminares, porque ya están hablando de lo que van a presentar luego (el método en 5 pasos). Lo pueden ""mergear"" con el párrafo que viene luego ""Este resultado reveló""",TRUE,
39,3. Parte central,"""puedesi omitir""  --> ""puede omitir""",TRUE,
40,3. Parte central,"aparece de nuevo lo de ""carga cognitiva""",TRUE,
40,3. Parte central,"""La soluci´on evidente"" --- no, no es evidente. Saquen ese adjetivo y usen un lenguaje cauteloso: ""Inspirado en esos experimentos preliminares, proponemos que la creación del mundo se de en pasos incrementales, permitiendo que:""",TRUE,
40,3. Parte central,"""Se permita intervenci´on y validaci´on entre pasos"" --- intervencion humana? o hablan de que como son etapas aisladas puede ir logica programada en medio para verificar cosas? Sean explicitos con eso porque es importante",TRUE,
40,3. Parte central,"""(en modo Inspiration) "" --> ""(en el modo Inspiration)"" o ""(para el modo Inspiration)"".  Aplica lo mismo para cuando hablan del modo Generate",TRUE,
40,3. Parte central,"""Contexto narrativo que motiva la acci´on"" ----¿Qué acción? (me puse en modo ""pregunta del tribunal"")",TRUE,
40,3. Parte central,""" se crea primero el “porqué"" ---> ""se crea primero el por qué""",TRUE,
40,3. Parte central,""" ambientaci´on (medieval, ciencia ficci´on, moderna, fant´astica)"" --- ¿Esto es exhaustivo? Si son solo ejemplos, recuerden poner ""p. ej.:"". Aplica el mismo comentario para las categorías temáticas que nombran luego",TRUE,FASE 3: Agregado 'p. ej.:' correctamente
41,3. Parte central,"""Para resolver este problema, diseñamos"" --- esto no va en un párrafo aparte, porque es parte de lo que vienen describiendo en ""Modo Inspiration - Adherencia temática estricta""",TRUE,
41,3. Parte central,"""El tema proporcionado debe ser la base fundamental de TODO el concepto del mundo"" --- no va la mayúscula ahí. Pueden usar subrayado si quieren",TRUE,
41,3. Parte central,"""deben ser manifestaciones directas del tema"" --- ¿""manifestraciones"" es la palabra?",TRUE,"Lo cambie por ""componentes intrínsecamente ligados al tema"""
41,3. Parte central,"""Los personajes deben encarnar diferentes facetas del tema"" --- no entendi que quiere decir eso :/",TRUE,"Lo cambie por ""los personajes deben asumir roles que muestren distintas dimensiones del tema"""
41,3. Parte central,"¿Qué es la ""ruta crítica""? Si es ""la secuencia de acciones necesarias para llegar al objetivo"" pueden escribirlo como el item 3 ""Ubicaciones necesarias para completar el objetivo""",TRUE,Lo hice como sugiere
41,3. Parte central,"Pregunta de tribunal: cuando dicen ""Relaciones preliminares entre entidades"" ¿a qué entidades se refieren? Aclaren eso en el texto",FALSE,
42,3. Parte central,"""En esta etapa se utilizan los par´ametros"" --- no pueden decir ""los parámetros"" porque no los mencionaron antes. Pueden sacarle el determinante: ""En esta etapa se utilizan parámetros de configuración (especificados por el usuario o usando otros por defecto), que permiten controlar explícitamente el tamaño y complejidad del mundo:""",TRUE,
42,3. Parte central,"""N´umero de ubicaciones: Define la extensi´on espacial del mundo"" --- ¿por qué hablan de ""extensión del mundo"" si en los ítems de abajo fueron bien explícitos? Usen ese mismo tono acá: ""Define la cantidad de lugares del mundo"" o también puede ser ""ubicaciones"", dependiendo de cómo sea que lo decidan dejar
",TRUE,
42,3. Parte central,"Cuando hablan de la prompt y que le meten las restricciones de numero, me parece el momento perfecto para decirles esto y agregar una alerta general: metan todas las prompts en un anexo y refiéranlas desde el cuerpo del texto. De esa forma, este párrafo va a tener alguna parte que diga ""Esta prompt está disponible en el anexo X, donde se puede ver que la función que la genera recibe como parámetros estos valores que mencionamos"" ",TRUE,"FASE 2: Creado el anexo con todos los prompts organizados por función (Pipeline Pasos 1-4, Ciclo de Juego). Agregadas 2 referencias al anexo en documento principal"
42,3. Parte central,""" puzzles, el LLM debe generar exactamente esa cantidad de elementos en su propuesta, sea el n´umero especifico o un n´umero en el rango especificado"" --- parece que en cualquier de los dos casos sirviera cualquiera de las dos salidas. Y no, lo que ustedes quieren decir es que si el usuario especfica 5 ubicaciones, el LLM tiene que generar 5 ubicaciones, y que si especifica un rango tiene que generar un número de habitaciones en ese rango",TRUE,
42,3. Parte central,"Nuevamente el título en el párrafo en negrita ""Conexión con el objetivo principal"". Sáquenlo, no aporta nada. El párrafo ya funciona bien sin eso.",TRUE,
42,3. Parte central,"Veo que acá es cuando definen ""Ruta lógica"". Bueno, vean cómo corrigen eso con lo que les marqué antes en la página 41: no pueden decir ""ruta crítica"" sin explicar nada, si lo van a explicar recién en la siguiente página",TRUE,
42,3. Parte central,"""Sin embargo, como se detallar´a en el cap´ıtulo de evaluaci´on (Cap´ıtulo 5)"" --- falta link en Capitulo 5",TRUE,
42,3. Parte central,"""las pruebas posteriores revelaron que esto no fue completamente"" --- marea que usen ""posteriores"", porque parece que fueran ""posteriores a la evaluación"". Digan claramente, más sencillo: ""(...) como se detallará en el Capítulo 5, la evaluación con jugadores humanos reveló que esto no fue completamente suficiente""",TRUE,
42,3. Parte central,"""y de “accesorio”""  --> ""y accesorio"". El ""de"" no va",TRUE,
42,3. Parte central,"""un mundo más vívido"" -- va con tilde en la í. Sino es ""vivido"" tipo como cuando decimos ""ah la re vive bohh""",TRUE,FASE 4: Verificado - 'vívido' con tilde correcto
42,3. Parte central,"""la salida de esta etapa es una lista de entidades"" --- metan ejemplo. Falten ejemplos. Incluso si es posible, pongan un ejemplo de salida de cada parte del pipeline. Eso va a ayudar a que el lector entienda qué hace una parte con respecto a la anterior . Y es más, esto es tan importante que no iría con puntero a un anexo: iría como una figura del cuerpo central del texto",TRUE,FASE 1: Agregada Figura \ref{fig:ejemplo_esqueleto} mostrando salida del Paso 2 (esqueleto) con entidades clave en formato JSON
43,3. Parte central,"De nuevo, pongan el prompt del paso 3 en el anexo y apunten desde acá",TRUE,FASE 2: Prompt Paso 3 incluido en anexo con referencia agregada
43,3. Parte central,"¿Qué son los atributos de personajes y propiedades de objetos? Dejen los punteros a la sección donde lo expliquen en la estructura de clases. Además, aparece de vuelta el problema de los paréntesis sin saber si es exhaustivo o ejemplos",TRUE,
43,3. Parte central,"No me convence que le digan ""enfoque one-shot"" al enfoque de generar el mundo con una sola prompt. Cualquier PLNinja va a decir ""ah oK es one-shot porque le pasan 1 ejemplo"". O sea, hay conflicto de nomenclatura. Elijan otro nombre o usen lenguaje simple: ""en el enfoque de generar el mundo con una sola llamada al LLM"". Dejo alerta.",TRUE,FASE 1: Cambiado 'one-shot' por 'generación directa' en todo el documento para evitar confusión con few-shot learning
43,3. Parte central,Los títulos en negrita al inicio de cada párrafo confunden. Sáquenlos y articulen la redacción para que el flujo entre un párrafo y otro sea clara,TRUE,
43,3. Parte central,"""elementos ""flotantes"""" -- expliquen bien a qué se refieren. Eviten usar nombres para estas cosas que son simples de mencionar en la escritura",TRUE,
43,3. Parte central,"""etapa"" y ""paso"" es lo mismo ¿no? Diría que digan siempre ""etapa"" y ya está",TRUE,
43,3. Parte central,"""modelo tend´ıa a “expandirse creativamente” --- nuevamente, no usen nombres para cosas que luego no quedan claras. Cuando se le pone un nombre a un fenómeno es para documentarlo y usar solamente una o dos palabras para referirse a un cúmulo de cosas. E incluso en ese caso no es una herramienta perfecta: a veces el lector se olvida qué implicaba el concepto. Así que en este caso, que es bien facil recordar a qué se refieren, recuerden nomás y si quieren dejen puntero a la secicón donde lo mencionaron",TRUE,
43,3. Parte central,Al terminar la página vuelven a usar lo de ruta lógica. Acuérdense de aclararlo adecuadamente.,TRUE,
44,3. Parte central,"En esta página siguen los títulos por párrafo. Sáquenlos y traten de hilar los párrafos para que fluya bien la lectura. Para esto pueden ayudarse con cosas como ""Además, también incorporamos (...)"" o ""Lo anterior no quita que (...), por esa razón es que (...)"". También pueden usar conexiones entre párrafos más ""custom"" que las piensen caso a caso (por ejemplo: ""Pese al esfuerzo hecho para redactar la prompt, X_FENOMENO seguía pasando""); les tiré algunas más clásicas que pueden usar casi que siempre",TRUE,
44,3. Parte central,""" el n´umero de componentes principales de cada objetivo"" --- que son los componentes principales de cada objetivo?",TRUE,Le puse ref a donde se explican los objetivos
44,3. Parte central,""" para los objetivos de tipo misterio"" --- de nuevo hablan de esto sin definirlo :/ Es cierto que luego dicen que van a hablar más de los objetivos luego, pero ahí nace la pregunta: ¿entonces para qué hablan de un caso particular?",TRUE,
44,3. Parte central,""" El mundo en este punto es jugable"" -- agreguen una aclaración tipo ""(es decir, el mundo generado en el paso 3)""",TRUE,
45,3. Parte central,"Ojo con decir ""mapa"" porque no está definido qué quiere decir ¿se refiere al mundo?",TRUE,
45,3. Parte central,"¿Es necesario usar el concepto de dependency chains? Si es así tienen que citar qué es e incluso agregarlo al marco teórico. Y, si no, no lo mencionen y pónganlo más informalmente con sus palabras. ¿Vale la pena usar el concepto formal?",TRUE,"ehhh para mi no es formal, son mis palabras :c lo definí igual por las dudas"
45,3. Parte central,"De nuevo hablan de las ""rutas"", cuidado",TRUE,me parece que quedó más claro ahora
45,3. Parte central,"""Sin embargo, durante las etapas tempranas de testing"" --> ""Sin embargo, al hacer experimentos preliminares""",TRUE,
45,3. Parte central,"""Al analizar estos fallos, comprendimos que el problema radicaba en la complejidad creciente del esquema del mundo"" --- no va la negrita ahi",TRUE,
45,3. Parte central,De nuevo hay paréntesis que no se sabe si lista elementos exhaustivamente o ejemplos,FALSE,
45,3. Parte central,"De nuevo hay secciones sin enlazar con ""XX""",FALSE,
46,3. Parte central,"De nuevo hablan de los desafios ""flotantes"". Hay que definir bien esto porque lo usan muchas veces. Quizás vale la pena decir que cuando uno dice ""blablalblbal CONCEPTO (definicion timida)"" o ""balbalbalbal definicion timida (CONCEPTO)"" no consideramos que el concepto fue definido. Para que el lector se de cuenta posta que el concepto es importante hay que darle un papel protagonico en la escritura",FALSE,
46,3. Parte central,"""se establecieron reglas espec´ıficas"" --- no cambien a voz pasiva de repente, proque estan usando la primera persona del plural, asi que va ""establecimos"". Dejo alerta",TRUE,FASE 3: Corregido a voz activa primera persona plural en ~5 instancias
46,3. Parte central,"De nuevo hay un título en el párrafo. Sáquenlo e hilen ",FALSE,
46,3. Parte central,"De nuevo hay secciones sin enlazar con ""XX""",FALSE,
46,3. Parte central,"""dado que el motor del juego no admite funciones de crafting"" -- es innecesario usar el concepto de crafting cuando ya antes lo están explicando (y no usan el concepto en otro lado)",FALSE,
46,3. Parte central,"""Adem´as, si un puzzle otorgado por un personaje incluye una recompensa f´ısica"" --- ¿qué es una recompensa física?",FALSE,
46,3. Parte central,"""que transforman la experiencia de lineal a desafiante"" ---> ""que hacen la experiencia más desafiante""   eviten usar adjetivos y conceptos que no definieron",FALSE,
47,3. Parte central,"¿Qué quiere decir que una ubicación sea ""no crítica""? ¿No es simplemente que no se necesite para cumplir el objetivo? --- Usen lenguaje simple",FALSE,
47,3. Parte central,"Lo mismo con ""Personajes complementarios con narrativas propias"" --- -creo que basta con ""Personajes complementarios""
",FALSE,
47,3. Parte central,"¿QUé es ""exploraci´on lateral""?",FALSE,
47,3. Parte central,"""comentamos este paso del pipeline"" --- se están refiriendo a comentar una línea de código? porque no es algo adecuado a decir. La forma simple es decir ""evitamos esta etapa"" o ""no ejecutamos esta etapa""",FALSE,
47,3. Parte central,"Hablé con Luis y le pareció bien que les sugiera lo siguiente. Me parece que quedaría mejor si la 3.1 y la 3.2.1 (Visión general del pipeline y el pipeline en 5 pasos) y 3.2.2 fueran un capítulo aparte. De esa manera, tendrían un capítulo que sería de ""Diseño"" o ""Arquitectura"" y otro que sea de implementación. Fíjense que en el inicio del capítulo 3 está todo demasiado junto y entreverado, y el objetivo de la 3.2.3 en adelante es mucho más ""describir cómo funciona"", cuando el de la 3.1 y la 3.2.1 y la 3.2.2 es claramente ""darte una idea de cómo es el molde de la solución"". Además diría de que tienen que presentar el ""Estructura de clases"" (actual 3.2.2) antes del resto, porque cuando se ponen a explicar las etapas recurren muchísimas veces a hablar de cómo se componen. Eso les va a requererir que relean todo el nuevo capítulo, ""de pe a pa"", porque tienen algunas menciones a ""en la próxima sección describiremos la clase de mundo"". Pero realmente creo que el documento va a ganar claridad en esto: primero describen las clases del mundo y luego las 5 etapas en las que se instancias esas clases. Luego, en el siguiente capítulo, arrancan con ""World builder y validacion"", pasando por el game loop, la integración con LLMs y la interfaz, que es todo ""Implementación.

Cuando tengan el nuevo capítulo,  la sección que se llama ""Arquitectura del sistema"" no va a existir más (porque solamente van a presentar el pipeline y la estructura de clases). Eso es una buenísima noticia, porque van a ganar un nivel de jerarquía para poder categorizar los contenidos. Por ejemplo, eso quiere decir que en la sección ""Estructura de clases"" van a poder tener una subsección por cada clase, lo cual es una ganancia GIGANTE para la legibilidad del informe y la navegabilidad desde el índice",TRUE,FASE 1: División completa ejecutada. Cap3=Diseño (Visión+Clases+Pipeline+Validación). Cap4=Implementación (Pydantic+GameLoop+RAG+Mongo+Streamlit).
47,3. Parte central,"""story-driven, goal-oriented"" no sé qué quiere decir :(  UPDATE: lo explican más abajo. Ya se los comenté varias veces pero por las dudas va de vuelta: presten especial atención a eso que hacen a veces de anunciar algo, comentar otra cosa, y luego definir lo primero; marea mucho al lector :( No es que no se pueda usar esa estrategia (tipo cliffhanger en las películas), pero si lo hacen tiene que quedar bien, sin darle al lector la sensación de que se perdió de algo pero sí dándole la sensación de ""opaaaa a ver, qué será""",FALSE,
47,3. Parte central,"Fíjense que lo que les dejé acá arriba en amarillo tiene sentido cuando arrancan la 3.2.2. hablando de que replantearon la arquitectura del sistema. ",FALSE,
47,3. Parte central,"""No quer´ıamos mundos que fueran simplemente colecciones de elementos tem´aticamente coherentes; quer´ıamos mundos donde cada elemento tuviera un prop´osito funcional claro en la progresi´on hacia el objetivo."" --- destaco esta línea porque realmente es la muestra de cómo tienen que escribir: no hay conceptos oscuros, no hay referencias a términos no convencionales; es una explicación simple.",FALSE,
48,3. Parte central,"Atentos de nuevo a los paréntesis y en el item ""Puzzles con consecuencias"" hacen algo similar en ""en su definición: entregar ítems específicos, desbloquear pasajes (...)"". La pregunta es la misma: ¿es una lista exhaustiva o son solamente ejemplos?",FALSE,
48,3. Parte central,"Usan ""ítems"" y ""objetos"". Decídanse por una. Dejo alerta.",TRUE,"FASE 4: Reemplazado 'ítem(s)' por 'objeto(s)' en contextos narrativos (50+ instancias), preservado en atributos técnicos"
48,3. Parte central,"Vuelven a mencionar lo de ""goal-oriented"". Si se les hace tan importante, defínanlo antes",FALSE,
48,3. Parte central,"Tengan cuidado con el concepto ""la creatividad del modelo"". No hay tal cosa como la ""creatividad"" del modelo, sino la percepción que tenemos los humanos sobre cuán creativo es lo que generan. Remito de vuelta a este paper importante: https://ebooks.iospress.nl/doi/10.3233/978-1-61499-098-7-21",FALSE,
48,3. Parte central,"Me sigue llamando la atención esto de que le pongan nombres marketingeros a cosas, tipo ""Jugabilidad garantizada"". Pero bueno, esta se las dejo pasar porque capaz es algo que les gusta y en este caso no mete  tanto ruido :)",FALSE,
49,3. Parte central,"Che cuando hablan de ""Character"", ""Location"", ""Item"" y etc. no les falta antes decir efectivamente qué clases hay? Es como que lo dan por hecho --- UPDATE: Ah ok, es acá que lo están presentando. Está poco enfatizado. Deberían listar las clases antes de empezar a mencionarlas en el itemize. Además, luego empiezan a describir ""Location"", ""Item"", etc. en subsecciones y en ningún momento (antes de arrancar) dicen algo como ""A continuación detallaremos cada una de las clases presentes en el sistema""",FALSE,
49,3. Parte central,"Al leer estas páginas reafirmo lo que les dejé en amarillo más arriba: el capítulo de ""Arquitectura"" o ""Diseño"" como les guste llamarle, tiene que tener las subsecciones: ""Vision general del sistema"", ""Estructura de clases"" (que son los simientos del sistema) y ""Pipeline de generación incremental"". Va a ganar mucho en claridad que el lector pueda primero saber hacia donde van (con la vision general) y luego arranquen a describir desde los simientos",TRUE,"FASE 1: Cap3 reorganizado exactamente así - Visión General → Estructura de Clases (primero) → Pipeline → Validación. Cada clase tiene su subsección (World, Location, Item, Character, Puzzle, Objective)"
49,3. Parte central,"Acá vuelven a usar ""ítems"" y ""objetos"" indistintamente. Dejen una sola.",FALSE,
50,3. Parte central,"Alguien del tribunal les va a decir que el diagrama no se ve. Si pueden agrándenlo más recortando los espacios en blanco. Pueden usar función ""trim"" para recortar la imagen en el latex e intentar ganar espacio para agrandarla: https://tex.stackexchange.com/questions/57418/crop-an-inserted-image

Si no pueden, no pasa nada, ya fue. La imagen se ve haciéndole zoom y está super completa",FALSE,
51,3. Parte central,"""Estas reglas se especifican expl´ıcitamente en el prompt del Paso 3"" --- esto es un ejemplo de algo que van a tener que cambiar si hacen el refactor de mover esto para antes de la explicación de los 5 pasos",FALSE,
51,3. Parte central,"""solo temporalmente inaccesibles"" --- ""pero temporalmente inacessibles"" o ""solamente que temporalmente inaccesibles"" (con el ""que"" luego)",FALSE,
51,3. Parte central,""" corregir mundos con topolog´ıas"" --- no es necesario usar la palabra ""topología"" porque es un término oscuro y que tendrían que definir",FALSE,
51,3. Parte central,"Hablan mucho del enfoque one-shot (que recuerden, me gustaría que le cambien el nombre) en la parte de ""Estructura de clases"". Así que si hacen la restructura que les pedí (Vision general del sistema, estructura de clases, pipeline de generacion incremental) van a tener que mover lo que ya cuentan del one-shot para el inicio del capítulo, cosa de que el lector ya llegue entendiendo",FALSE,
51,3. Parte central,"El ""gettable=True"" se sale del márgen. Este error suele darse cuando se usan entornos de matemática porque no respeta el salto de línea del documento",FALSE,
52,3. Parte central,"""(inventarios de personajes o ´ıtems en ubicaciones)."" ---> ""(como en inventarios de personajes o ubicaciones)""",FALSE,
52,3. Parte central,"""(detallada en la subsecci´on de Puzzle)"" --- si es una sección enlazable, pongan referencia; si no, saquen esos paréntesis y pongan al final del item ""Prevención en generación"": Volveremos a esto más adelante, al detallar la clase Puzzle""",FALSE,
52,3. Parte central,""" Cap´ıtulo 4 (4.2.3) "" --> Capítulo REFERENCIA (en la sección REFERENCIA)"". Todo con referencias, nada de meter a mano el número :P",FALSE,
52,3. Parte central,"""la operaci´on como un “drop item”"" --> tribunal: ¿qué es eso????",FALSE,
52,3. Parte central,"Ahora que leo ""Character: Agentes en el mundo"" me doy cuenta de algo: todas las clases que describen tienen un subtítulo canchero. Sáquenle el subtítulo porque queda super confuso. Esta es la parte del documento donde están en su ""peak"" de formalidad y los títulos son lo más importante: ""Clase Character"". Perfectamente pueden incluir esos subtítulos como parte del texto de la sección, pero ponerlos como parte del título confunde más de lo que comunica",FALSE,
52,3. Parte central,"Cuanto más leo estos comentarios de ""Se mantuvo similar a la implementación original"" o ""Se diferencia en la implementación original"", más me convenzo del refactor que les sugerí: hay que definir esto de una, antes de mostrar el pipeline, porque el lector va a venir con PAYADOR original en la cabeza que está al final del capítulo 2",FALSE,
53,3. Parte central,"""Si un personaje tiene capacidad de interacci´on, debe contar con texto de interacci´on definido"" -- Este es el momento para explicar esto nuevo que tiene el sistema, porque yo no lo tengo claro tampoco. Agréguenle a esa línea una explicación y un ejemplo chiquito ",FALSE,
53,3. Parte central,"""y progresion narrativa coherente."" --- no me quedó claro qué quiere decir esto",FALSE,
53,3. Parte central,"""problem: El enunciado del desaf´ıo que debe resolver el jugador"" --- agreguen un ejemplo para que el lector no quede con intriga
",FALSE,
53,3. Parte central,"Pongan la tipología de puzzles antes de los atributos. Va a hacerles la vida más fácil para explicar los atributos. ",FALSE,
53,3. Parte central,"""Categorizaci´on del tipo de puzzle (riddle, logic, sequence, etc.)"" --- no los listen acá porque los van a presentar antes (contexto: el comentario anterior a este)",FALSE,
53,3. Parte central,"""None si es ambiental"" ---- esto yo lo entiendo porque conozco el concepto ""Environment"" en narrativa interactiva. Diría que no se metan en eso porquye aunque sea re intuitivo hay que definirlo. Metan otra palabra",FALSE,
54,3. Parte central,"En ""rewards"" ponen cosas entre paréntesis: de nuevo ¿es exhaustivo? ¿son ejemplos?",FALSE,
54,3. Parte central,"""relevance to objective: Explicaci´on de c´omo resolver este puzzle"" --- no me queda claro esto. Desarrollen más y pongan ejemplo",FALSE,
54,3. Parte central,"""puzzle hints: Lista de pistas progresivas para ayudar al jugador"" --- pongan ejemplo",FALSE,
54,3. Parte central,"""interaction hint: Sugerencia breve sobre c´omo iniciar la interacci´on con el puzzle"" --- aclaren cómo se diferencia esto del ""puzzle_hint"" en la posición 0 (es decir, si las hints son progresivas, entonces el tribunal podría pensar que lo razonable es que ""cómo iniciar la interaccion"" sea la hint 0)",FALSE,
54,3. Parte central,Pregunta del tribunal: ¿De dónde sacaron la tipología de puzzles? ¿Se basaron en algún artículo? ¿O las inventaron ustedes desde cero?,FALSE,
54,3. Parte central,"Agreguen ejemplos a cada uno de los tipos de puzzle. Si quieren incluso en vez de un itemize pueden poner una tabla y decir ""La tabla X presenta los tipos de puzzle presentados"". Y la tabla puede tener dos columnas, una con el nombre del tipo y otra con la descripción, seguida de un ejemplo. Si no tienen ejemplos, pueden generar ejemplos con un LLM y poner en el caption ""Los puzzles de ejemplo fueron generados por un LLM al momento de escribir el informe y verificados por nosotros""",FALSE,
54,3. Parte central,"""dejando al jugador con la sensaci´on de haber perdido el tiempo. La recompensa tangible (´ıtems, pasajes desbloqueados o directamente cumplir el objetivo)
result´o m´as satisfactoria y funcionalmente clara que las recompensas informacionales."" ---> ""lo que podria confundir o frustrar al jugador.""  (sacaría todo lo otro porque no está comprobado, es todo parte de conclusiones que scaron de las evaluaciones preliminares). 

Si quieren pueden incluir al inicio del mismo párrafo algo como lo que decían al final: ""Luego de hacer varias pruebas preliminares observamos que todos estos tipos de puzzles derivaban en obtener una recompensa tangible (p. ej.: un objeto) o completar un objetivo. Inicialmente habíamos también incluido otro tipo, llamado Information (...)""",FALSE,
55,3. Parte central,"Ueoeoeoeueoeueuie paren un poquito. ¿Por qué de la nada saltamos a problemas? ¿Dónde está el enganche? jajajaja :D Cuando tengan todo esto en un capítulo separado, pueden tener una subsubsección que sea ""Problemas"", pero aún así pónganle un enganche porque sale de la nada muy rapido. La estructura podría ser:

Capítulo: Arquitectura
--> Sección: Estructura de clases
-->--> Subsección: Puzzles
-->-->-->Subsubsección: Problemas
",FALSE,
55,3. Parte central,"Recuerden: no usen negrita para enfatizar. En general las negritas pueden usarla para conceptos o para enfatizar las primeras palabras de una lista de ítems, como ya han hecho",FALSE,
55,3. Parte central,"Por más que usen comillas, eviten usar expresiones que atropomorficen al modelo. ""Se olvidaba"" es perfectamente sustiuible por ""la salida del LLM no lo tenía en cuenta"" o algo así, más sutil. ",FALSE,
55,3. Parte central,"""que un gran porcentaje de puzzles sean efectivamente presentados al usuario."" --- acá hay una falta de concordancia de número gramatical: si es ""un gran porcentaje de puzzles"" el resto tiene que estar en singular; si no, quizás lo que quisieron decir fue ""muchos puzzles"" y ahí sí, el número es ""plural""",FALSE,
55,3. Parte central,""" asi si vuelve a interactuar con el personaje, no se lo vuelve a presentar"" --> ""de forma que el sistema no lo ingrese al prompt del LLM en potenciales futuras interacciones del jugador""    o algo así, como les guste (sobre todo es el ""asi si vuelve a interactuar"" lo que suena muy whatsappero) ",FALSE,
55,3. Parte central,"Che ¿se dan cuenta lo problemático que es el concepto de ""alucinación"" acá, no? Estamos hablando de un mundo ficticio (o sea, no existe, de pique) y que encima está siendo creado por el LLM. Si quieren usar el concepto de alucinación tienen que usarlo con cuidado y aclarando por qué es una alucinación. Y si usan el término de alucinación tienen que agregarlo al marco teórico y aclarar que, en el contexto de este documento, se hará uso del concepto cuando el LLM no respete el estado del mundo representado simbólicamente",FALSE,
55,3. Parte central,"""NPC y le ped´ıa algo que este ten´ıa"" --- ese ""este"" no resuelve la ambigüedad que presenta ""que tenía"", así que saquen la palabra (""este"") o agreguen otra cosa que sí resuelva la ambigüedad",FALSE,
55,3. Parte central,"""insidioso"" no es claro sobre qué quiere decir en este contexto",FALSE,
55,3. Parte central,"""solo"" -- cámbienlo por ""solamente"" porque es medio complicada la regla de cuándo va ""solo"" y cuándo va ""sólo"" así que es más fácil poner siempre ""solamente""",FALSE,
55,3. Parte central,"Saben qué me estaba dando cuenta recién? Que deberían avisar al iniciar el capítulo ""Arquitectura"" de que muchas de las cosas que están acá fueron evolucionando con etapas de testing interno que hicieron. Porque ustedes mencionan por ahí ""en el testing"" o cosas así y no queda claro. Eso puede dar lugar a confusión con el capítulo de ""Experimentación"" que viene luego",FALSE,
55,3. Parte central,"""Como se discuti´o en la secci´on del pipeline"" --- Como les comentaba, no hagan esto. Enlacen formalmente la seccion. Dicho eso, recuerden verificar esto cuando cambien de orden y pongan ""Estructura de clases"" antes de la ""sección del pipeline""",FALSE,
55,3. Parte central,"""Las evaluaciones con usuarios confirmaron la utilidad de este sistema: muchos solicitaron las tres pistas para los puzzles, indicando que se habr´ıan atascado de no existir."" ---- Este es un lindo ejemplo para que les quede claro que cuando hablan de algo que va a venir luego en el documento, tienen que poner el enlace: ""Como presentaremos en el Capítulo X, las evaluaciones con usuarios confirmaron...""",FALSE,
56,3. Parte central,"""el LLM no suger´ıa el cambio necesario"" -- recuerden usar el término ""transformación"", que está definido en mi tesis y es algo de lo que se pueden agarrar para explicar cualquier cosa del world update (porque es lo único que se usa para el world update)",FALSE,
56,3. Parte central,"El salto de línea antes de ""La soluci´on nuevamente requiri´o intervenci´on del sistema: cuando el usuario"" no va, porque siguen hablando del ""problema 4""",FALSE,
56,3. Parte central,"""y se resolvi´o mediante "" --- ese ""resolvió"" me hace pensar en una decisión grupal; busquen otra palabra que no confunda, tipo ""y lo logramos corregir mediante una función""",FALSE,
56,3. Parte central,"""La verificaci´on de respuestas correctas"" --- aclaren que es al puzzle. Más allá de que estemos en la sección de puzzle, un poquito de redundancia viene bien, sobre todo porque en PLN se habla de ""respuesta"" (del LLM) todo el tiempo, y en este caso se refiere a la respuesta (es decir, la ""solución"") al puzzle/acertijo",FALSE,
56,3. Parte central,"""Sin embargo, persisten limitaciones con sin´onimos y respuestas sem´anticamente equivalentes. Por ejemplo, en la etapa de evaluaci´on nos topamos"" --- parte de ese párrafo claramente está fuera de contexto, porque hablan de algo que pasó con un evaluador. Sustituyan todo eso por un puntero al capítulo de evaluación como hcieron antes y digan ""En el capítulo X mostraremos cómo un evaluador se vio frustrado al responder ""humans"" en lugar de la respuesta correcta, ""man"". Esto evidencia el problema de los sinónimos...."" etc.",FALSE,
56,3. Parte central,"Tienen que explicar mejor por qué necesitan hacer todo esto para ayudar al LLM a verificar las respuestas de mejor manera. Así que el párrafo anterior tendría que inspirar un par de líneas donde den contexto por qué querían verificar esto (a poner luego de ""Problema 6: Validación de respuestas"" y otra parte que pongan luego (donde está el párrafo en cuestión ahora), donde digan ""e incluso con todo esto, pasó (...), que detallaremos más en el capitulo X""",FALSE,
57,3. Parte central,"""type: Tipo de objetivo (reach_location, get_item"" --- Saquen todo lo de los paréntesis y pongan solamente ""Describiremos los tipos de objetivo a continuación, en la subsección X"" (me estoy basando en que van a hacer el refactor y que van a ganar secciones con eso:
Capítulo: Arquitectura
--> Sección: Estructura de clases
-->--> Subsección: Objectives
-->-->-->Subsubsección: Tipos de objetivos",FALSE,
57,3. Parte central,"Ah sí, recuerden de sacarle el subtítulo a ""Objective"", y más si va a ser el título de una subsección",FALSE,
57,3. Parte central,Metan ejemplos cuando puedan en todos los atributos del objetivo. Seguro que el tribunal se queda con muchísimas dudas si no tienen ejemplo,FALSE,
57,3. Parte central,"""tras completar el objetivo (no usado en solve mystery)"" ---- además de agregar un ejemplo, eviten ese lenguaje tipo manual de seguridad jajajaja :) Es como ""No puede agarrar su bolso (no abrir compartimento)"" :P . Pónganlo más claro, tipo ""Este atributo no es usado en..... porque...."" o,  si piensan explicarlo más adelante, metan puntero",FALSE,
57,3. Parte central,"""(3 pistas para dar en orden de m´as general a m´as espec´ıfica)"" --- de nuevo: redáctenlo un poco: ""Las pistas siempre son 3 y""",FALSE,
57,3. Parte central,"""(solo tipo solve_mystery)"" --- de nuevo, redáctenlo",FALSE,
57,3. Parte central,"¿Por qué ""Tipología de objetivos""? Yo creo que con ""Tipos de objetivos"" ya está, pero si les gusta tipología déjenlo :)",FALSE,
57,3. Parte central,"""Tipolog´ıa de objetivos Se definieron cinco tipos de objetivos"" --- recuerden no cambiar a voz pasiva porque sí: ""Definimos cinco tipos de objetivos""",FALSE,
57,3. Parte central,"""REACH LOCATION: El jugador debe llegar a una ubicaci´on espec´ıfica"" --- pueden ponerlo más formal aún para no dar lugar a dudas: ""La posición del personaje del jugador tiene que tener un valor específico"" o algo asi",FALSE,
57,3. Parte central,"""FIND CHARACTER: El jugador debe encontrar a un personaje especifico"" --- con este pasa lo mismo: como la ""ubicacion"" puede ser algo ambiguo para alguien que no conozca a fondo PAYADOR, es mejor decirlo más ""informáticamente"" (o sea, que el valor de location del personaje de jugador tiene que ser el mismo que el de otro NPC)",FALSE,
58,3. Parte central,"De nuevo pasó esto de que los problemas saltaron de la nada. Cuando tengan las nuevas secciones pueden hacer como con los puzzles y tener:

Capítulo: Arquitectura
--> Sección: Estructura de clases
-->--> Subsección: Objectives
-->-->-->Subsubsección: Problemas",FALSE,
58,3. Parte central,"""que el LLM generaba objetivos imposibles de completar: ped´ıa conseguir"" --- Acá no voy a caer con el sermón de los paréntesis porque es un problema parecido pero diferente :))))) ¿Esta lista que viene acá es exhaustiva o son ejemplos? Si son ejemplos digan explícitamente que lo son, y sino intenten que quede clarísimo que esos son todos",FALSE,
58,3. Parte central,"""Desarrollamos una funci´on de verificaci´on "" ---- me parecería un detalle interesante/agradable (para el lector) que acá digan que esta funcion no era necesaria en el PAYADOR original porque los objetivos los creaba una persona que validaba la coherencia de esto, pero acá lo crea un LLM y ustedes hacen chequeos simbólicos (vamo los neurosimbólicos vamoooo)",FALSE,
58,3. Parte central,"""En las primeras generaciones"" --- acá no queda claro qué quieren decir, porque puede ser que tenga algo que ver con los pasos del pipeline. Aclaren que es ""En experimentos preliminares""",FALSE,
58,3. Parte central,"Che, estoy pensando que si va primero la sección de las clases y luego la del pipeline, se va a generar un problema con cómo explicar lo de ""en el paso X del pipeline"" etc. De todos modos, como la primer sección del capítulo ""Arquitectura"" va a ser el overview, pueden darle al lector la información necesaria para saber que todo esto estructural que presentan (las clases) se va a generar de cero. Entonces cuando presenten los problemas de cada clase (antes de ir a describir el pipeline), pueden intentar tener cuiadado con esas referencias y dejar punteros a la parte del pipeline correspondiente.

Dicho eso, sigo pensando que el lector va a poder entender (y disfrutar) más si el pipeline se describe a fondo luego de presentar las clases. Es muy dificil entender la parte principal de su trabajo (el pipeline en pasos) sin saber todos los rincones de cosas que tiene que generar. O sea, sigo adelante con la idea de hacer ese cambio",FALSE,
58,3. Parte central,"""elementos como una sola unidad cohesiva"" --- Expliquen mejor lo de la unidad cohesiva
",FALSE,
58,3. Parte central,"""Las mec´anicas de “fusi´on” o “combinaci´on” de objetos no exist´ıan en el motor del juego (no hay sistema de crafting"" --- saquen lo de los paréntesis y agreguen una aclaración antes, tipo ""Como mencionamos previamente, PAYADOR no cuenta con una transformación para combinar objetos y crear otros""",FALSE,
58,3. Parte central,""" implementar un tipo get_items "" ----- aclaren que es un ""tipo de objetivo""",FALSE,
58,3. Parte central,"""e.g."" --> ""p. ej.:""              a mí me encanta el e.g. pero en español no se usa tanto: https://www.fundeu.es/consulta/por-ejemplo-1687/",TRUE,FASE 3: Cambiado a 'p. ej.:'
58,3. Parte central,"Cuando hablan de los cambios que hicieron al prompt para que limite la complejidad de los objetivos, metan enlace al anexo donde van a estar las prompts. Me imagino que van a tener una sección por prompt, así que pueden poner directo el enlace a la sección del anexo de prompts donde esté esta. Si necesitan referencia sobre cómo armar el anexo de prompts fíjense en mi tesis. Ahí use ""lstlisting"": https://www.overleaf.com/learn/latex/Code_listing",TRUE,"FASE 2: Anexo de prompts creado con lstlisting, incluye sección para cada paso del pipeline con referencias"
59,3. Parte central,""" crear un quick action"" --- expliquen qué es esto. Si es de la UI, saquenlo y agréguenlo para esa sección, o al menos dejen un puntero. Si es otra cosa, explíquenlo",FALSE,
59,3. Parte central,"""objective.description"" se sale del márgen por el entorno de matemática",FALSE,
59,3. Parte central,"""Esta segunda soluci´on no solo resuelve el bug de meta-comentarios sino que también"" ---> ""Esta segunda solución no solamente resuelve el problema de que el LLM comente sobre el objetivo, sino que también""",FALSE,
59,3. Parte central,"""sin tener que hacer scroll hasta la narraci´on inicial, mejorando significativamente la experiencia de usuario"" --- es un comentario reee interesante (posta digo) pero ven que es más para la sección de UI? Me parece que da para hacer la anécdota más breve y dejar un puntero a la sección de UI y contarlo ahí con esta profundidad que pusieron acá.

No se desanimen, gurises :) Esto es algo que pasa todo el tiempo: todas las partes del trabajo están relacionadas, y a veces es difícil saber dónde fraccionar y separar...pero estamos buscando la mejor forma de explicar por partes para que el lector entienda todo el laburo que hicieron durante todo un año! :))",FALSE,
59,3. Parte central,"""Esta caracter´ıstica result´o tan satisfactoria"" --- ¿para quién? ¿para ustedes? Díganlo abiertamente! :D ""Luego de programarla, esta característica nos resultó muy interesante y, como consideramos que suma la inmersión narrativa, decidimos extenderla (...)"" y siguen",FALSE,
59,3. Parte central,"Esta anécdota sobre el usuario jugando una hora más (JAJAJA :D) claramente no va acá, pero el punto de la anécdota está bueno. Intenten ser más concretos, rescatando la parte que es importante para ESTE momento del documento. La anécdota completa puede ir al capítulo de evaluación. Porque sino, el lector puede decir ""Ta, pero lo resolvieron o no?"" y la respuesta es que no, porque eso pasó LUEGO de que consolidaran la arquitectura que están describiendo acá.  Esto está relacionado con lo que les comentaba antes de que una cosa es el testing interno de ustedes y los experimentos preliminares, y otra cosa diferente es la evaluación cuando ya todo estaba fijo.

Fíjense que en el ""tiempo de lectura"" es un poco raro que les estén contando a los lectores algo que ""aún no pasó"", porque están contándoles qué forma tiene la solución final. No es que no se pueda romper esa regla, pero en estos casos parece como si estuvieran quemando la posibilidad de contarlo en el marco de la evaluación.",FALSE,
59,3. Parte central,"""solve_mystery"" se sale de margen",FALSE,
59,3. Parte central,"""que se verifican mediante condiciones directas"" ---- no me quedó claro cuál distinción hacen ahí ¿qué es una condición directa? Y de nuevo (ah re pesadoh el santigon bohhh): ¿eso que está entre paréntesis es exhaustivo o ejemplos?",FALSE,
59,3. Parte central,"""el sistema (no el LLM) detecta la interaccion "" --- Comentario que me hizo Lara (la revisora): ""¿pero el LLM no es parte del sistema también?"" .... tiene razón jajajaja. Así que intenten decir algo como ""la parte simbólica del sistema"" o ""se verifica lógicamente en el sistema""",FALSE,
60,3. Parte central,"""su relevancia al misterio, "" --- aclaren qué es el misterio acá, porque puede parecer como que están informalmente hablando de ""el misterio de la peli""",FALSE,
60,3. Parte central,"""y el progreso actual (X/N pistas descubiertas)"" --- cambien eso entre paréntesis por un ejemplo concreto entre paréntesis que sea representativo, onda ""(""p. ej.: 2 de 4 pistas descubiertas"")"". Recuerden que el ejemplo va entre comillas porque es una cita textual de lo que diría la UI, y no es un ejemplo abstracto ",TRUE,FASE 3: Agregado ejemplo concreto con 'p. ej.:'
60,3. Parte central,"""Las reglas especiales en el prompt para objetivos de misterio incluyen"" --- denle un poco más de cariño a esto, tipo ""Al igual que hicimos para los puzzles, también incluimos reglas especiales en el prompt para favorecer que los objetivos de misterios se generen correctamente"" ... o lo que les guste",FALSE,
60,3. Parte central,"""El objetivo debe incluir "" --- no queda claro qué quiere decir ""debe incluir"" en este caso. Explíquen más, sobre si es algo relacionado a un ""id"", a un atributo de tipo ""name"", o a qué específicamente",FALSE,
60,3. Parte central,"""NO"" en mayúsculas no va. Redáctenlo mejor, como ""En este caso no se usa (...)"". ",FALSE,
60,3. Parte central,Recuerden poner el enlace a la sección del anexo donde pongan estas prompts,TRUE,FASE 2: Referencias al anexo de prompts agregadas en secciones relevantes
60,3. Parte central,"""(crear elementos faltantes para puzzles, eliminar elementos inv´alidos para pistas)"" ---- no va, sáquenlo. Se entiende perfecto sin eso por cómo viene la redacción",FALSE,
60,3. Parte central,"""Sin embargo, esta estrategia de eliminaci´on ocasionalmente result´o"" --- todo ese párrafo final no va. Es otro ejemplo claro de una reflexión que va en las reflexiones post-evaluación con humanos, no acá :)",FALSE,
60,3. Parte central,"Solamente un comentario para dar contexto: Esto es lo que comentábamos con Luis el otro día, porque acá en la 3.2.3 ya arrancan a hablar de pydantic, cómo funciona el loop de juego, cómo integraron los LLMs y la UI. Es el momento perfecto para empezar el nuevo capítulo ""Implementación"". Es como que ya le dan menos peso a las decisiones de diseño que tomaron, y le dan más peso a los argumentos tecnológicos. Esto se refuerza con el hecho de que esta parte la arrancan presentando ""create_world_incrementally()"" que es la implementación que pone en marcha todo lo que explicaron antes (las clases y los pasos del pipeline)",FALSE,
61,3. Parte central,"Ahora que van a estar en un capítulo nuevo, van a tener que agregar una pequeña introducción",FALSE,
61,3. Parte central,"Recuerden sacar todos estos títulos en negrita antes de párrafos que parecen generados con ChatGPT :) Denle hilo al pasaje entre párrafos; que se entienda la motivación de pasar de uno a otro. Y recuerden que ahora van a disponer de más numeración de secciones, porque todo esto va a estar en un nuevo capítulo. Eso les da acceso a secciones, subsecciones y subsubsecciones  iupiii :))",FALSE,
61,3. Parte central,"Como parte de la mentalidad del nuevo capítulo ""Implementación"", van a tener que dar una motivación de por qué empiezan a hablar de Pydantic de la nada. Recuerden que tampoco estaba en el marco teórico. Dense un espacio (un párrafo) para explicar por qué pydantic viene bien acá, recuérdenle al lector cómo funcionaba PAYADOR antes, etc. Un refresco de memoria para que el lector entre en el contexto adecuado",FALSE,
61,3. Parte central,"""sistema de reintentos con m´aximo 3 intentos por paso"" ---- ""con un máximo de 3 intentos"" o algo así; ""máximo 3 intentos"" suena poco fluido para un documento de este estilo",FALSE,
61,3. Parte central,"Ahora que van a estar en un capítulo nuevo, recuerden dejar punteros a las secciones donde definieron los conceptos usados e incluir algunas ayudas de memoria para dar contexto. Por ejemplo, cuando dicen ""Paso 2"" o ""Paso 3"" o ""Paso 4"" pueden poner entre paréntesis cuál era. De otra manera, el lector va a tener que ir (seguro que lo va a tener que hacer) para atrás a ver cuál era ese paso y qué implicaba",FALSE,
61,3. Parte central,"Escriban fluidamente lo de cada ""Paso"". Esa estructura de oración con signos de ""+"" está bien para un aviso canchero en Steam, pero no es del todo legible para este momento del documento :) Las cosas tienen que conectarse unas con otras, para que el lector entienda por qué razonaron lo que razonaron (recuerden que ustedes saben más sobre este tema que incluso nosotros los tutores, porque ustedes hicieron el trabajo y ustedes saben todos los pequeños detalles)",FALSE,
61,3. Parte central,Recuerden sacar la negrita para enfatizar,FALSE,
61,3. Parte central,"""dentro del intento actual, permitiendo salvar mundos con olvidos menores."" --- no se entiende qué es un ""intento"" ni qué es un ""intento actual"", ni tampoco qué es ""salvar mundos"" ni tampoco qué son ""olvidos"" ni tampoco qué son ""olvidos menores"". Expliquen mejor todos esos conceptos que para ustedes son naturales (y Luis y yo podemos tener una leve sospecha sobre qué quisieron decir), pero los lectores no van a entender.  Recuerden que este documento no es un log de cambios en un software, ni una documentación 100% técnica, ni tampoco un reporte. Es un documento que intenta transmitir lo que ustedes saben sobre el asunto y cómo hicieron para llegar a saber eso",FALSE,
61,3. Parte central,"""Los objetivos imposibles causan rechazo y reintento completo del paso"" --- de nuevo, no se entiende. ""Causar rechazo"" es una expresión coloquial muy fuerte que al lector lo puede llevar a un pensamiento totalmente incorrecto; busquen una manera diferente de decirlo. Quizás algo como ""Cuando se detecta que un objetivo (generado) es imposible de completar, el pipeline descarta el objetivo y reintenta nuevamente el paso. A este fenómeno, de que el pipeline descarta un objetivo generado,  le llamamos ""Rechazo"" """,FALSE,
61,3. Parte central,"""Esta asimetr´ıa refleja criticidad relativa: puzzles son problemas localizados corregibles; objetivos imposibles invalidan la jugabilidad completa."" --- uh, ta complicadísima esta :P Primero que nada ""refleja criticidad relativa"" parece como de una tesis doctoral de filosofía. Usen lenguaje más simple. Segundo, lo otro está escrito como si fuera un discurso de la oralidad, tipo ""Que te quede clarito: jugamos FIFA de día, D&D de noche"". Escríbanlo más fluido, tipo ""Cuando un puzzle presenta un error, (....); en cambio, cuando un objetivo es imposible (..)""",FALSE,
61,3. Parte central,"""y el pipeline colapsara"" ---- demasiado poético para una parte tan importante donde están detallando aspectos importantísimos de la implementación",FALSE,
61,3. Parte central,"""La validaci´on verify_objective_completability() detecta correctamente estos problemas, pero no puede corregirlos autom´aticamente como s´ı hace verify_puzzle_rewards_and_fix()"" ---- aún no definieron esa función de las puzzle_rewards. Está más adelante. Cuiden estos detalles porque lo están dando como obvio ¿lo ven? ""como sí hace (...) con los puzzles"" hace pensar al lector que ya es algo sabido, y que debería estar acompañando a ustedes (escritores) durante la lectura en el razonamiento de que uno no lo hace y el otro sí lo hace",FALSE,
61,3. Parte central,El entorno de matemáticas hace que se salga del márgen el nombre de la función,FALSE,
61,3. Parte central,"""Como se discutir´a en el Cap´ıtulo 5"" ---- falta enlace al capítulo. Y cuidado porque si parten un capítulo en dos, como estamos sugiriendo, ese capítulo va a tener otro número, así que es IMPORTANTISIMO que cambien todos los números por enlaces (que latex los actualiza según la numeración que esté generando al compilar)",FALSE,
61,3. Parte central,"""sutiles durante gameplay real"" --- si usan la palabra ""gameplay"", va en cursiva",FALSE,
61,3. Parte central,"""Debugging mediante JSON estructurado"" y toda esa parte que aparece ahí ta re fuera de contexto. Hagan un enganche y, si tienen subsubsecciones disponibles luego del refactor, usen eso para darle esquema",FALSE,
61,3. Parte central,"""serialización completa del estado usando jsonpickle"" ---- 1) si es una biblioteca, digan ""la biblioteca jsonpickle"" y si quieren pongan en cursiva el nombre"" 2) expliquen qué es ""serialización completa""",TRUE,FASE 2: Definida 'serialización completa' como conversión de objetos Python complejos a JSON con metadatos. Mencionada biblioteca jsonpickle
61,3. Parte central,Tribunal: ¿Qué es el turno 0?,TRUE,FASE 2: Definido 'turno' como iteración completa del ciclo (acción + respuesta) y 'turno 0' como estado inicial antes de interacción
61,3. Parte central,"El resto de cosas que dice ese párrafo a partir de ""Este JSON detectó inconsistencias no evidentes"" no se entiende para nada :/ ¿Qué quiere decir que el JSON detectó inconsistencias? ¿O están hablando de que ustedes miraron los JSONs luego de la evaluación con humanos (a ser presentada en el capitulo X)?

El ejemplo que dan de ""Rescue Net"" está re descontextualizado y no se entiende. En la primera leída posta pensé que hablaban de un componente de una biblioteca, pero enseguida después me di cuenta que es un objeto generado por un LLM. No es que esto no pueda pasar, pero tienen que hacer todo lo posible para que pase lo menos posible.",TRUE,FASE 1: Saqué el ejemplo. Si realmente queremos mencionarlo tiene que estar mejor ubicado
62,3. Parte central,"""Si fallan, se emiten advertencias pero no se rechaza el mundo (reintentos agotados)"" --- no se entiende",FALSE,
62,3. Parte central,"""En práctica"" ---> ""En la práctica""",FALSE,
62,3. Parte central,"""estas validaciones rara vez fallan"" --- sean más explícitos. Fíjense que le ponen de título ""Validación final"" pero luego hablan de ""validaciones"". Yo primero pensé que se referían a todo lo que venían presentando en esta subsección 3.2.3, pero no, se refieren a ""las subvalidaciones de la validación final que presentamos en este párrafo"". Mismo sermón que les dejé unas filas más arriba: reduzcan la cantidad de inferencias que tiene que hacer el lector",FALSE,
62,3. Parte central,"""La l´ogica de juego implementa un ciclo que combina generaci´on narrativa del LLM con intervenciones determin´ısticas del sistema"" .---- recuerden que ahora esto va a ser el inicio de una sección. Dedíquenle más espacio a explicar por qué el loop es importante. Acuerdense que el tribunal no tiene por qué saber que un loop es necesario; no es algo obvio

Esto sería:

Capítulo: Implementación
--> Sección: Lógica de juego y ciclo de interacción",FALSE,
62,3. Parte central,"En todos estos comentarios sobre la nueva partición de capítulos estoy usando los nombres ""Diseño"" y ""Implementación"" solamente para que me entiendan. Ustedes son libres de ponerle los nombres que quieran, siempre y cuando se entienda qué quieren decir. Por ejemplo, en la misma línea y más expresivo, podría ser: ""Diseño y arquitectura de NOMBRE_DEL_SISTEMA"" y ""Implementación y funcionamiento de NOMBRE_DEL_SISTEMA""",FALSE,
62,3. Parte central,"""y as´ı aprovechar la capacidad creativa del LLM para generar narrativas ricas"" ---> ""y así aprovechar la potencial capacidad del LLM para generar narrativas que puedan percibirse como ricas y creativas."" 

Ahí terminen la oración, y luego enganchan con un ""Además, busca también responder a acciones impredecibles...""",FALSE,
62,3. Parte central,"Ahhhh mirá acá están las ""Quick actions"". Bueno, más aún, cuando mencionen esto antes de llegar a este punto, tienen que dejar puntero",FALSE,
62,3. Parte central,"Ahora que vamos a estar en una sección específica para el loop, expliquen aunque sea brevemente qué son cada una de los 6 pasos que enumeran en ""Ciclo básico de interacción"". Son como titulares que luego no desarrollan. Fíjense que hablan de ""segundo LLM"" y el lector no va a saber si se corresponde o no a algo del PAYADOR original o es otra cosa. También hablan de ""comdandos especiales"" que según entiendo luego le llaman ""Quick actions""; hablan de ""estado formateado del mundo"" que tampoco se entiende qué es",FALSE,
62,3. Parte central,"Esta parte (""3.2.4. L´ogica de Juego y Ciclo de Interacci´on"") van a tener que laburarla un poquito más porque está muy declarativa tipo mensajes de commit de Github y explican poco. Mis comentarios anteriores van un poco en esa línea. Mi recomendación es que tengan una subsección por cada uno de estos pasos y ubiquen los comentarios que pusieron en esas subsecciones, de manera que el lector pueda entender bien cómo funciona este loop",FALSE,
62,3. Parte central,"Una cosa importantísima: recuerden que el lector no va a estar mirando el código mientras lee su documento. El documento tiene que ser lo más autocontenido posible: es decir, que el lector solamente con el PDF pueda entender qué hicieron. Dejo alerta",FALSE,
62,3. Parte central,"""Implementamos acciones que responden sin invocar al LLM"" --- No queda claro qué quiere decir ""que responden"". Hagan una intro un poco más generosa",FALSE,
62,3. Parte central,"Pongan ejemplos para cada una de las ""Quick actions"" y tengan cuidado con lo que ponen entre paréntesis (ahhh re densoh el sanitigon bohh).",FALSE,
62,3. Parte central,"Denle especial cuidado a cómo explicar lo de ""Debug"" porque, al ser un concepto de computación, el lector puede estar dando por cierto cosas que quizás no son así. Expliquen bien a qué se refieren.",FALSE,
62,3. Parte central,"Todo lo de ""Sistema de hints adaptativo"" está re tipo folleto de venta de un software. No se entiende qué es ""sin puzzle"" ,""puzle presentado "" y etc. Desarollen. Yo, que conozco el trabajo, no entendí siquiera a qué se están refiriendo (o sea, a cuál ""rincón"" de su trabajo)",FALSE,
62,3. Parte central,"Cuando hablan de las pistas y dicen ""típicamente 3"" tiene que quedar claro si es un valor por defecto que se puede cambiar, o cómo funciona. Esto quizás es para aclararlo bien aclarado en el que ahora va a ser el capítulo anterior (Arquitectura/Diseño)",FALSE,
62,3. Parte central,"""determin´ısticas"" --> deterministas",FALSE,
62,3. Parte central,"Al igual que con ""Sistema de hints adaptativo"", todas las cosas de ""Intevernciones del sistema"" necesitan más desarrollo. Además, dejen claro que son rutinas lógicas (simbólicas) que corre el sistema. Sino parece  como que el LLM fuera un monstruo inmenso haciendo lo que quiere y el sistema ""interviene""; cuando es totalmente al revés: el sistema dicta cuándo entra el LLM",FALSE,
63,3. Parte central,"""Estas reflejan una lecci´on fundamental: el LLM maneja creatividad narrativa e interpretaci´on de intenciones; el sistema maneja mec´anicas determin´ısticas y validaciones."" ---- Esto no es una leccion. Una lección sería si ustedes se empecinaron con una idea que resultó siendo catastrófica en la evaluación. Esto que dicen acá es una ""característica fundamental del enfoque neurosimbólico"".

Además, está escrito en modo oral: agreguen enganches. Les dejo una reescritura contemplando todo esto, que pueden modificar a gusto:

""Todas estas verificaciónes ilustran una característica fundamental de nuestro enfoque neurosimbólico: mientras que el LLM interpreta las intenciones en la entrada del jugador y genera texto narrativo (tareas con un alto nivel de subjetividad), el sistema maneja mecánicas deterministas y validaciones específicas (tareas con un alto nivel de objetividad)""",FALSE,
63,3. Parte central,"""(inventario para GET ITEM, ubicaci´on para REACH LOCATION, etc.)"" --- está muy formulaico; agreguen fluidez.",FALSE,
63,3. Parte central,"""Al completarse, presenta narraci´on de cierre y registra ´exito en log."" --- de nuevo, muy formulaico. Que fluya más: expliquen de qué estan hablando, pongan ejemplos.",FALSE,
63,3. Parte central,"""Verificación de completitud"" va a ser el final de esta sección. Pónganle un poco de más ganas a la redacción y agreguen un cierre sobre esta parte del game loop. Además, metan un enganche para desembocar en la siguiente sección, que va a ser la del LLM",FALSE,
63,3. Parte central,"""y en particular con la nueva versi´on de PAYADOR"" ---> ""y en particular porque nuestro sistema NOMBRE_DEL_SISTEMA presenta requisitos que no satisface la versión original de PAYADOR, que fue construida lo más mínima posible para ser expandida""",FALSE,
63,3. Parte central,"""o por lo menos implica una dificultad extra no menor"" ---- muy informal. Lo pueden sacar y se entiende perfecto",FALSE,
63,3. Parte central,"""un sistema de modelos estructurados con Pydantic""  ----> ""usando los LLMs junto a la biblioteca Pydantic, para que su salida respete una estructura determinada""",FALSE,
63,3. Parte central,"Eviten usar el ""etc."" cuando la secuencia no es obvia",TRUE,FASE 3: Eliminado 'etc.' en secuencias no obvias
63,3. Parte central,"""fragil"" --> ""frágil""",FALSE,
63,3. Parte central,"Acabo de googlear y ver que ""model"" en Pydantic es algo especifico, y que cunando dicen ""modelos Pydantic"" se están refiriendo a eso. Eso tienen que definirlo en el marco teórico. De todos modos, diría que metan link en un footnote a: https://docs.pydantic.dev/latest/concepts/models/",TRUE,"FASE 2: Agregada nota al pie explicando Pydantic como biblioteca de validación de datos con anotaciones de tipo, con referencia a documentación oficial"
63,3. Parte central,"""permitiendo rechazar salidas malformadas antes de que lleguen al motor."" --- el tribunal les puede preguntar ""Y si no tienen la forma correcta ¿Pydantic autónomamente reintenta la llamada al LLM?"". Aclaren esto en el documento",FALSE,
63,3. Parte central,"Me preocupa que usen ""motor"" en vez de ""representación estructurada"" o todos los nombres que usaron antes. ¿Por qué sintieron necesidad de usar otra palabra? ¿O es que lo escribieron por separado y no verificaron la consistencia? Verifiquen la consistencia. Dejo alerta",FALSE,
63,3. Parte central,"Todo lo que enumeran al final de esta página, cuando hablan de ""GeneratedWorld"" son modelos pydantic, no? Tiene que quedar clarísimo esto.",FALSE,
64,3. Parte central,"""observamos en iteraciones tempranas"" --- ""observamos en experimentos preliminares""",FALSE,
64,3. Parte central,"""donde el modelo generaba acciones inventadas"" ---- 1) Ese modelo es modelo pydantic o es un LLM? 2) ""inventadas"" es poco específico y puede sonar un toque fuerte, cambien la palabra 3) estas ""acciones"" qué son? ¿se refieren a las transformaciones? Si es así, usen esa palabra que es el concepto que se usa originalmente",FALSE,
64,3. Parte central,"Toda esta parte ""Enums y restricciones de dominio"" sale de la nada. Denle introducción y que fluya. Además ""Enums"" qué es? Si es una enumeración que hicieron ustedes, que quede claro.",FALSE,
64,3. Parte central,"""Los modelos incorporan reglas de coherencia mediante descripciones"" --- esto son los modelos pydantic? sean explícitos. Tienen que encontrar una manera de diferenciar ""Pydantic models"" de LLM porque el tribunal se va a marear seguro; el contexto no es suficiente para desambiguar estos casos",FALSE,
64,3. Parte central,"""is_objective_target"" se va de margen por el entorno matematico",FALSE,
64,3. Parte central,""" Esta regla previene configuraciones imposibles"" --- En realidad ""intenta prevenir"" ¿no?  O sea, si el LLM genera algo que le erra, no previene nada. Eso es importante de aclarar en un contexto neurosimbólico donde tiene que quedar claro qué se verifica simbólicamente y qué no",FALSE,
64,3. Parte central,"Acuérdense de agregar en el marco teórico qué es a lo que se refieren cuando dicen ""recompensas tipadas mediante herencia de Pydantic"", porque a mí no me queda 100% claro y me estoy imaginando algunas cosas que no están dichas",FALSE,
64,3. Parte central,"""de l´ogica condicional compleja en los prompts"" --- Cuidado con esto porque puede sonar contradictorio jajajajajaa :)))) No existe nada como ""lógica en la prompt"". Expliquen mejor a qué se refieren ¿Están queriendo hablar de ""la redacción de instrucciones complejas incluidas en la prompt""?",FALSE,
65,3. Parte central,"""post-parsing"" --- cuando acá hablan del ""parsing"" se refieren a la validación que Pydantic hace del JSON ¿no? Aclárenlo cuando arranquen esta sección: ""Cuando hablemos de parsing nos referimos a (...)""",FALSE,
65,3. Parte central,"Aparece nuevamente el concepto de ""cadenas de dependencia"". Recuerden que tienen pendiente aclarar eso.",FALSE,
65,3. Parte central,"""Las implementamos"" --- ""Las validaciones las implementamos""",FALSE,
65,3. Parte central,"""con referencias rotas"" --- agreguenle una explicación breve al lado ""(es decir, que refieren a objetos que no existen en el sistema orientado a objetos)""",FALSE,
65,3. Parte central,"En ""Modelos para el pipeline incremental"" tienen paréntesis y símbolo de más (""+""). Corríjan con lo que ya les comenté en el pasado",FALSE,
65,3. Parte central,"""modelos intermedios ligeros"" ---- ¿qué quiere decir esto en el contexto de Pydantic? Cuidado, porque el tribunal va a pensar inmediatamente que se refieren a LLMs con baja cantidad de parámetros . Tampoco entiendo qué relación tiene ese comentario con lo que viene después en el párrafo",FALSE,
65,3. Parte central,""" independientemente antes de pasar al siguiente."" --- esto es confuso. Si es ""antes de pasar al siguiente"" y es secuencial, entonces es independiente ¿no?. Fíjense cómo lo pueden decir para que no confunda (seguramente, se solucione borrando la palabra ""independientemente"")",FALSE,
65,3. Parte central,"En ""Integración con el motor"" mencionan varios conceptos que explicaron antes, como por ejemplo la validación de jugabilidad. Asegúrense de incluir punteros a donde corresponda.",FALSE,
65,3. Parte central,"""La separaci´on entre modelos de generaci´on (Pydantic) y modelos del motor (clases Python tradicionales, es decir, el estado simb´olico) mantiene las responsabilidades claras: Pydantic valida la estructura de la salida del LLM, el motor implementa la l´ogica de juego."" ---- ta re bueno este mensaje final pero:

1) De nuevo, usan estructuras de la oralidad, como ""la salida del LLM, el motor implementa la lógica del juego"". Conecten las ideas con ""mientras"", ""a la misma vez que"", etc.
2) Esto está lindo como mensaje final de esta subsección. Recuerden que con el refactor vamos a estar acá:

Capítulo: Implementación
--> Sección: Integración con LLMs
---> --> Subsección: Modelos estructurados con Pydantic",FALSE,
65,3. Parte central,"""esto representa un problema cr´ıtico, el jugador"" ---- esa coma es un "":"", así queda ""esto representa un problema crítico: el jugador puede resolver un puzzle, hablar con""",FALSE,
65,3. Parte central,"""Implementamos un sistema RAG (Retrieval-Augmented Generation) con memoria epis´odica que transforma PAYADOR de un generador de mundos en un narrador con memoria persistente."" --- varias cosas

1) Sale de la nada. Engánchenlo con un ""Para intentar resolver este problema, implementamos un sistema RAG.....""
2) El anuncio está re Silicon Valley. Bájenle un poco el tono a la afirmación de ""transforma PAYADOR de un generado de mundos en un narrador con memoria persistente"". Ya saben que el RAG puede fallar, porque sigue siendo un proceso basado en estadística ¿para qué meterse en ese baile? 
3) Además, PAYADOR no era un generador de mundos, eso es lo que hace el megasistema de ustedes. 
4) PAYADOR no tenía memoria más allá del sistema simbólico por una razón específica: no confiar su memoria en procesos que no fueran simbólicos (RAG no es simbólico). Pueden aclarar que esto es un cambio con respecto a eso y por qué les parece que se justifica (aclaro: me parece totalmente justificado y que re valía la pena tenerlo)",TRUE,"FASE 2: Agregada definición completa de RAG en primera mención, explicando técnica de recuperación de información relevante desde base de datos vectorial para enriquecer contexto del modelo"
65,3. Parte central,"""IntelligentMemorySystem"" se sale del márgen por el entorno de matemática",FALSE,
66,3. Parte central,"""La figura 3.3 ilustra de forma simple el proceso."" --> ""La figura X ilustra el proceso.""",FALSE,
66,3. Parte central,"""Cada memoria puede serializarse"" --- acá se refieren a ""AtomicMemory"" ? Usen ese mismo concepto, sino pueden quedarse pensando ""a qué se refiere?"". O usen un concepto que quieran pero que quede clarísimo. Cuando dicen ""Cada memoria"" realmente no queda claro que estén hablando de un concepto específico de su sistema",TRUE,FASE 2: Aclarado que 'cada memoria' se refiere a una instancia de AtomicMemory que representa un turno completo
66,3. Parte central,"""output_dimensionality"" se va de margen",FALSE,
66,3. Parte central,"""como recomienda la documentaci´on de Gemini""---- metan footnote con link a esa parte especifica de la documentacion ",FALSE,
66,3. Parte central,"""La elecci´on de embeddings sobre b´usqueda l´exica tradicional"" --- es muy oral. Expandan: ""La decisión de usar word embeddings por sobre métodos de búsqueda léxica tradicional""",FALSE,
66,3. Parte central,"""(palabras claves, BM25)"" ---- aca son ejemplos, así que pongan ""(p. ej.: usando palabras clave, o el algoritmo BM25)""",TRUE,FASE 3: Agregado 'p. ej.:' correctamente
66,3. Parte central,"""El beneficio principal que observamos es relativo a la narraci´on, donde se nota"" --- Esto es un buen ejemplo para ilustrar la falta de jerarquización que tienen en este capítulo 3. Esto es un mensaje re importante sobre la percepción que tienen ustedes sobre haber incluido RAG. No debería estar ahí perdido en la nada. Tiene que estar bien enfatizado, bien presente. Que resalte. También pueden dejarlo para el final de esta subsección, como un mensaje final, luego de haber presentado cómo funcionan todas las partes de RAG",FALSE,
67,3. Parte central,"Che, no queda claro qué es ""Cada memoria"". Sé que lo dije antes, pero lo nuevo que aporta este comentario es: definan bien qué es una memoria. ¿Es el string sumado del string del jugador y del GM en un turno? ¿Es solo el string del jugador? ¿Es solo el string del GM?",FALSE,
67,3. Parte central,"""format_memories_for_prompt"" --- se sale de margen",FALSE,
67,3. Parte central,""" memorias en texto estructurado para inyecci´on en el prompt"" ---- que quiere decir esto? qué es ""texto estructurado para""? Es tipo un formato?",FALSE,
67,3. Parte central,"""En lugar dealmacenar solo “el jugador tom´o la llave” "" ---- demasiado informal. Están dando un ejemplo sin decir que dieron un ejemplo, pero además no están caracterizando ese ejemplo: ¿por qué están dando ese ejemplo? ¿Qué características tiene que lo hace representativo para el concepto que quieren presentar a continuación?

Yo diría de cambiarlo por la descripción conceptual del ejemplo y ponerlo entre paréntesis, tipo: ""En lugar de almacenar un resumen de las acciones del personaje del jugador (p. ej.: ""el jugador tomó la llave""), capturamos:""",FALSE,
67,3. Parte central,"La lista de cosas que viene luego del ejemplo diría de ponerlas en un itemize: 

""capturamos:
- La ubicación actual del personaje del jugador
- La descripción del lugar en que se encuentra (dada por el atributo ""Descriptions"" de su objeto)
...
""·",FALSE,
68,3. Parte central,"""prompt_world_update_structured()"" se va de márgen",FALSE,
68,3. Parte central,Recuerden incluir las prompts en el anexo,FALSE,
68,3. Parte central,"""na secci´on “Recuerdos Relevantes del Pasado” o “Relevant Past Memories”"" ---- imagino que el cambio de lengua depende de si el sistema está para el español o el inglés. Ahora que digo eso me doy cuenta que nunca cuentan para qué lengua trabajan. Esto es importantísimo. Dejo alerta",FALSE,
68,3. Parte central,"En ""Carga de memorias desde MongoDB"" usan el término ""rehidratación"" como si fuera algo clarísimo. Si es un concepto de ustedes, defínanlo; si es un concepto de MongoDB, incluyan referencia a la documentación y una breve explicación entre paréntesis",TRUE,FASE 2: Definida 'rehidratación' como proceso de reconstruir base vectorial desde almacenamiento persistente (analogía con alimento deshidratado)
68,3. Parte central,"""con JSON plano que requerir´ıa reconstrucci´on manual del mundo"" ---- no me queda claro por qué, honestamente :/",FALSE,
68,3. Parte central,"Sigue pasando lo que pasan de un tema a otro metiendo los títulos en negrita antes del párrafo. Recuerden, hay que arreglar eso. Tiene que haber un flujo entre párrafos.",FALSE,
68,3. Parte central,"""de embeddings (llamadas a"" ---> ""de embeddings (mediante llamadas a""",FALSE,
68,3. Parte central,"""post-turno de forma as´ıncrona al jugador (ya vio la narraci´on)"" --- lo que está entre paréntesis está muy Whatsappero. Prueben algo como ""(una vez que ya vio la narración)"" o algo similar",FALSE,
68,3. Parte central,"""memorias (¡50ms t´ıpicamente)"" ----  ¿por qué el ""¡""? No conozco si tiene algún significado. Diría de poner esa aclaración como ""(típicamente de unos 50ms en total)""",FALSE,
68,3. Parte central,"""Deshabilitamos telemetr´ıa de ChromaDB mediante ANONYMIZED_TELEMETRY=FALSE, para reducir overhead de red."" ---- no se entiende. Expliquen qué es ese concepto de telemetría de ChromaDB",TRUE,FASE 2: Explicada 'telemetría ChromaDB' como sistema de recolección automática de métricas de uso enviadas anónimamente a desarrolladores
68,3. Parte central,"""el sistema genera un vector cero como fallback"" --- es decir, un vector que en sus entradas tiene solamente 0s? Explicar",FALSE,
68,3. Parte central,"""Una mejora futura podr´ıa ser implementar reintentos con exponential backoff para la generaci´on de embeddings."" ---- expliquen por qué eso sería una mejora. Solamente lo entiende la gente que esté muy metida en el tema",FALSE,
68,3. Parte central,"""pero para recuperaci´on completa de partidas"" --- ""pero para recuperar las partidas completamente"" o ""pero para recuperar las partidas en su totalidad"" o algo similar",FALSE,
69,3. Parte central,"""toda la sesi´on de juego, permitiendo replay completo, debugging de comportamiento del LLM y an´alisis post partidas."" ---- expliquen todos los conceptos que dicen ahí. Si no lo especifican, el lector puede imaginarse que tienen cosas que no, o que no tienen cosas que sí.",FALSE,
69,3. Parte central,"""En la construcci´on, cargamos configuraci´on"" --- cargamos LA configuración o ""una"" configuración o como quieran decirlo (omitir el determinante suena whatsappero)",FALSE,
69,3. Parte central,"Todos esos pasos que describen en la construcción del MongoHandler diría de ponerlos en un itemize con una breve descripción. Es medio confuso así como está dicho, parece que fueran cosas re obvias",FALSE,
69,3. Parte central,"""database"" --- si es un concepto de Mongo, expliquen. Si es en un sentido literal, pongan ""seleccionamos cuál base de datos se usará y cuál colección "" y de qué es esa colección. No me quedó claro si es colección de embeddings o qué",FALSE,
69,3. Parte central,""" Nombre del jugador (opcional, para organizaci´on)"" --- (opcional, para organización) suena muy whatsappero. Explíquen mejor a qué se refieren; no tengan miedo a ser explícitos ""Para que luego, al organizar las trazas, pueda ser fácil identificar quién (...)""",FALSE,
69,3. Parte central,"""inspiration: Tema o frase inspiradora si se us´o modo inspiration"" ---- habian definido un valor para este modo ¿no? y lo habían estilizado con un \textttt o algo de eso. Usen lo mismo, sean consistentes. De otra forma, el lector puede pasarlo por alto o ni siquiera conectar con que ""inspiration"" es un concepto",FALSE,
69,3. Parte central,"Che, ahora que leo ""turns: Objeto anidad con turnos indexados (...)"" me doy cuenta que nunca definieron qué es un turno. Esto para mí es un debe que tiene la sección de Gameloop, donde deberían explicar claramente eso. No es por ser quisquilloso, pero en un sistema de diálogo se puede definir al turno como ""el par <lo que dijo el sistema, lo que dijo el usuario en respuesta>"" o como un posible mensaje, ya sea del sistema o del usuario",FALSE,
69,3. Parte central,"""(texto legible)"" --- qué quiere decir eso?",FALSE,
69,3. Parte central,"Hay varios textos salidos del margen en el párrafo de ""inicialización de trazas"" y el siguiente",FALSE,
69,3. Parte central,"""(preferimos buscar por world_id sem´antico)"" -- qué quiere decir eso?",FALSE,
69,3. Parte central,"El párrafo que arranca en ""El turno 0 es especial"" no se entiende para nada. Si es necesario dejarlo, mejórenlo redactando bastante; si no, dejen solamente el final: ""El turno 0 se representa levemente diferente porque incluye la narración inicial, y permite recrear el mundo exactamente como estaba al inicio de la partida."" ¿Era algo así lo que querían decir?",FALSE,
70,3. Parte central,"Toda esta parte de cosas que hacen con JSON y MongoDB ( ""Adición incremental de turnos"", ""Serialización con jsonpickle"", etc.) está re dificil de entrar. Si quieren pueden mandar todo esto a un anexo que se llame ""Detalles de implementación de funciones para comunicarse con MongoDB"" o algo así, y dejar acá un resumen de las funciones que implementaron. Es realmente muy tortuoso leer esto y dudo realmente que alguien se lleve algo de esto. ¿Qué quieren que el lector se lleve de acá? La respuesta a esa pregunta puede darles la respuesta a cómo resumirla.

Sobre todo me preocupa que es como si narraran el código, en vez de sintetizar lo importante a transmitir conceptualmente sobre esto",FALSE,
71,3. Parte central,"""Un desaf´ıo observado fue debugging de partidas problem´aticas: inicialmente se serializaba solo el estado renderizado (texto), "" --- esta parte sí me parece linda de dejar. Eso sí, desarrólenla mejor y que se entienda bien el punto",FALSE,
71,3. Parte central,"En definitiva, esto nos ofrece algo clave para el testing: la reproducibilidad, aunque un error que cometimos es tardar en tener esta feature --- el tribunal va a decir ""¿Tarde, cómo?"". Explíquen mejor qué quieren decir,  tipo:

""algo clave para el testing: la reproducibilidad. Sin embargo, agregamos esta feature en una etapa muy avanzada del desarrollo y RAZON_POR_LA_QUE_SERVIA_TENERLA_DESDE_ANTES nos habría gustado tenerla implementada de mucho antes""",FALSE,
71,3. Parte central,"""Un prompt mal dise˜nado puede resultar en salidas incoherentes, incompletas o incompatibles con el motor de juego"" --- cuidado con cómo dicen esto porque saber qué es un prompt bien diseñado es sujeto de debate hace años. Siempre tienen que encararlo por la positiva: ""Como se ha demostrado en algunos trabajos (CITA A CHAIN OF THOUGHT Y AL PAPER DE LLMS ARE FEW SHOT LEARNERS), la forma en que se redacta el prompt puede llevar a un incremento sustancial en el desempeño del modelo.""

- few shot learners (cuando presentan GPT3): https://proceedings.neurips.cc/paper_files/paper/2020/hash/1457c0d6bfcb4967418bfb8ac142f64a-Abstract.html?utm_source=transaction&utm_medium=email&utm_campaign=linkedin_newsletter
- chain of thought: https://proceedings.neurips.cc/paper/2022/hash/9d5609613524ecf4f15af0f7b31abca4-Abstract-Conference.html",FALSE,
71,3. Parte central,"La sección de prompting es EL momento  de meter  y enlazar las prompts en un anexo. Si son demasiadas que les parece que no da, avísennos y lo discutimos por correo con Luis",FALSE,
71,3. Parte central,"""Implementamos una librer´ıa de prompts diferenciados por funci´on y fase del pipeline "" --> ""Creamos una biblioteca que carga prompts que escribimos, basándose en su función y la fase del pipeline""",FALSE,
71,3. Parte central,"No tiene sentido que nombren los prompts porque nadie va a ir y buscarlos al código. Esto no es una documentación de código que se sube a una web, es un documento de tesis :) Así que si quieren hagan un itemize y pongan:

\begin{itemize}
\item Generación incremental: usadas en el paso 1 del pipeline (enlace al anexo de prompts), paso 2 (enlace al anexo de prompts), (...)
\item Juego: (..)
\item Utilidad (...)",FALSE,
71,3. Parte central,"De nuevo, ponen entre parentesis cosas que no se saben si son ejemplos o exhaustivos. Por ejemplo, ""Los prompts de utilidad (prompt_describe_objective)"", están hablando en plural pero ponen un elemento sólo.

Así que si todo lo que han puesto en paréntesis en esta parte son ejemplos, en el \begin{itemize} que les sugiero en la fila de arriba, aclaren que son ejemplos también",FALSE,
71,3. Parte central,"""incluye l´ogica condicional "" --- recuerden, los prompts no incluyen lógica",FALSE,
71,3. Parte central,"""a una ubicaci´on versus revisitas"" --- no entendí. No whatsapeen, escriban fluido :) Si lo que quisieron decir es ""Incluye instrucciones tanto para cuando el jugador visita una ubicación por primera vez, como también para cuando vuelve a visitar una ubicación en la que ya estuvo en esta partida"", pongan eso. No es cuestión de ser verboso: es para ayudar al lector a que no complete huecos que no llenaron y entienda algo diferente",FALSE,
72,3. Parte central,"""Estas reglas son redundantes con las validaciones posteriores en c´odigo, pero"" -->  ""Estas reglas tienen una relación muy cercana con las validaciones posteriores que hacemos en el código, y"" 

(noten que también cambié el ""pero"" al final por un ""y"")",FALSE,
72,3. Parte central,"""El LLM tiende a seguir instrucciones expl´ıcitas cuando est´an claramente enumeradas y destacadas tipogr´aficamente"" --- esto lo va a leer gente que sabe mucho de PLN, y tengan en cuenta que, en particular, está la responsable del grupo PLN y Nacho, que descubrió esta bestialidad de fenómeno a la misma vez que un ruso que conoció en la conferencia: https://aclanthology.org/2025.l2m2-1.14/, No es cuestión de ser más o menos permisivos, pero uno al trabajar tanto en un tema empieza a dar por ciertas algunas cosas, como por ejemplo que hay afirmaciones que se repiten mucho y que no están del todo validadas.

Entonces: ¿Cuál es la fuente de esta afirmación? Si es una percepción suya está más que bien, y entonces tienen que señalizarlo: ""En experimentos preliminares notamos que el LLM tiende a seguir""",FALSE,
72,3. Parte central,"""Esta arquitectura facilita mantener coherencia entre idiomas aunque ser´ıa complicado agregar soporte m´as aparte de espa˜nol e ingl´es."" ¿por qué? Justifiquen",FALSE,
72,3. Parte central,""" y el modelo no logra entender"" --- intuición del PLNinja adiestrado: el modelo nunca entiende; el modelo genera. Adáptenlo, pueden usar ""y, en ocasiones, la salida del modelo no estaba en español""",FALSE,
73,3. Parte central,"""Validaci´on por capas con reintento"" --- ¿por qué está todo esto acá? ¿No debería ir en la parte donde hablan de cómo es la generación? Es más, creo que les dejé una pregunta similar más arriba cuando presentaban el trabajo con Pydantic. No me parece que el contenido de este párrafo tenga princpalmente que ver con cómo llamaron al modelo, sino cómo el pipeline se recupera de un error. 

Pueden moverlo a donde corresponda y, luego, en este punto dejar un puntero que diga ""Como explicamos en X, si (...) entonces el LLM se vuelve a llamar.""",FALSE,
73,3. Parte central,"""Verificaci´on de conectividad con DFS"" --- lo mismo que para el comentario anterior: ¿esto no debería estar antes, cuando explican lo de DFS?",FALSE,
73,3. Parte central,"AHHHHHH creo que recién entiendo: están detallando cada uno de los puntos que dijeron antes de las 3 validaciones secuenciales. Ta, si es eso, no se entiende :/ Está todo poco jerarquizado y parece que fuera todo una continuación de comentarios no hilados. Quizás en el nuevo esquema de secciones-subsecciones del capítulo nuevo (Implementación) puedan disponer de subsubsecciones para que esto quede más claro",FALSE,
73,3. Parte central,"""Manejo de errores de API Los wrappers de modelos (GeminiModel, OpenAIModel,)"" --- me doy cuenta acá que deberían declarar al inicio de esta sección de los LLMs cuáles fueron los modelos que usaron. Menos mal que me dí cuenta, porque es algo que los PLNinjas adiestrados buscan saber :)
",FALSE,
73,3. Parte central,"""Detectamos errores 503"" ---- Está muy mensaje de github. Desarrollen: ""Dada esta facilidad dispuesta por los wrappers, pudimos detectar automáticamente aquellos casos en que (...)",FALSE,
73,3. Parte central,"La oración ""Para OpenAI"" y etc. también está tremendamente githubera. Mejoren eso. Expliquen qué están diciendo. No es un comunicado entre gente laburando en el mismo código, es la presentación de su trabajo :)",FALSE,
73,3. Parte central,"""Si detectamos JSON incompleto, reintentamos la generaci´on completa."" ---- lo mismo que comenté en los comentarios de recién, ta re githubero",FALSE,
74,3. Parte central,"""que el sistema contin´ue funcionando sobre generar contenido rico pero arriesgando crashes"" --- ""crashes"" va en cursiva y además pondría ""del sistema"" para que quede claro a qué se refieren. Y además pueden completarlo para que no quede tan githubero ""funcionando sobre generar contenido rico, pero arriesgando a que el sistema presente crashes""",FALSE,
74,3. Parte central,"Ta, pero ven lo que les decía en el comentario que empieza con ""AHHHHHH creo que recién entiendo"" ? Siguen escribiendo párrafos con títulos en negrita que están super aislados y no tienen un hilado. ¿Dónde está el límite entre un argumento y el otro? ¿Dónde está la transición?",FALSE,
74,3. Parte central,"Fíjense el enumerado que tienen redactado en el párrafo de ""Detección de JSON truncado"": está como re falto de redacción ¿no les parece?. Por ejemplo ""(3) cuenta de corchetes de apertura/cierre coincide"".

Delen que pueden mejorarlo para que se lea fluido :)",FALSE,
74,3. Parte central,"""reintentamos con la esperanza de que el LLM genere una versi´on m´as concisa que quepa en el l´ımite"" --- tribunal: ¿cuántas veces reintentan como máximo?",FALSE,
74,3. Parte central,"En ""Logging estructurado para debugging"" está de nuevo el problema de las cosas entre paréntesis",FALSE,
74,3. Parte central,"Al terminar de leer ""Logging estructurado para debugging"" sigo pensando que deberían explicar mejor qué es todo esto del debugging porque no lo tengo claro",FALSE,
74,3. Parte central,"Recuerden que ahora van a terminar una sección y pasar a la sección de ""Interfaz de usuario"". Así que vendría bien tener un mensaje final o alguna conclusión de los LLMs o algo que quede lindo como cierre",FALSE,
74,3. Parte central,"""interactuan con el sistema"" --> ""interactúan con el sistema de diálogo"" (para que quede clarísimo que esto es en texto y no hay gráficos 3D)",FALSE,
74,3. Parte central,"Cuando enlazan la figura de la captura de pantalla de la interfaz, pueden incluir : ""A la izquierda el usuario puede elegir X y también X y también X)."" tipo como si fuera un minitour guiado por lo que aparecen en la pantalla.",FALSE,
74,3. Parte central,"Cuando hablan de los modos de juego dejen punteros a cuando los definieron. El lector tiene que poder decir ""Uh pará ¿qué era eso?"" y en un click llegar a donde estaba definido por primera vez. Dicho eso, me acuerdo que les dejé un comentario sobre darle más cariño a la explicación de los modos (que fue como en la página 38 y vamos por la 74, así que la distancia es considerable para que el lector no recuerde)",FALSE,
75,3. Parte central,"""nput se pasa directamente como par´ametro theme a run_step_1_concept()"" --- puntero a donde definieron el step1",FALSE,
75,3. Parte central,"""pre-definidas"" --> predefinidas. Dejo alerta por las dudas",FALSE,
75,3. Parte central,"""La generaci´on desde inspiraci´on ejecuta"" --> ""Cuando el mundo se genera desde un texto de inspiración (correspondiente al modo X detalllado en la sección XXXXXXX)""",FALSE,
75,3. Parte central,De nuevo lo de los paréntesis. Me la juego a que acá son todos ejepmlos y no exhaustividad...¿o no? :( jajajajaja :),FALSE,
75,3. Parte central,"""Este feedback reduce la ansiedad del usuario"" ---> ""Este feedback permite informarle al usuario sobre el proceso que se está ejecutando, durante los 30-60 segundos que (...)""",FALSE,
75,3. Parte central,"Los títulos de los modos no los pongan en el mismo párrafo en negrita. Pónganlo con un \noindent y luego salto de línea, tipo:

""
\noindent Modo Generate

El modo \texttt{generate} crea mundos completamente (...)""",FALSE,
75,3. Parte central,"""que solicita al LLM inventar un tema original""--- pueden usar ""proponer"" o ""crear"" en vez de ""inventar"" que puede sonar peyorativo",FALSE,
75,3. Parte central,"""aunque el “set de herramientas” del LLM "" ----¿Cuál es el set de herramientas? ¿Los pesos de la red?  :) Corrijan esa expresión",FALSE,
75,3. Parte central,"""relacionado al caching del propio modelo"" --- expliquen que es el caching (asumo que se refieren al caché que mantiene)",FALSE,
75,3. Parte central,"La falta temática es algo que se ha observado bastantes veces. Pueden citar este que hicimos con Luis y decir ""lo cual se alinea con la limitación que tienen los LLMs al generar narrativa con temáticas diferentes"". En el que encontramos este es este: https://link.springer.com/chapter/10.1007/978-3-031-49065-1_27

pa darle más fuerza pueden citar este también que encontraron lo mismo en narrativa no interactiva pero está muchísimo más jsutificado empíricamente (o sea, los hallazgos son prácticamente indiscutibles): https://aclanthology.org/2024.emnlp-main.978/",FALSE,
75,3. Parte central,Hay un nombre de método que se va de márgen,FALSE,
75,3. Parte central,Vuelvo a repetir: acá están mencionando cosas que no son de la Interfaz de Usuario sino de los modos de juego.,FALSE,
76,3. Parte central,"""minimiza la fricci´on, ideal para iteraci´on r´apida durante desarrollo"" --- muy whatsappero :) Desarrollen más :)",FALSE,
76,3. Parte central,"""como est´an completamente controlados,"" --- Es un poco rara esta expresión. Entiendo que lo que quieren decir acá es que su construcción manual asegura que no hay errores y que están estáticos: el LLM no genera nada",FALSE,
76,3. Parte central,""" o los detalles del mismo"" --- ¿quién es el mismo acá? Recuerden no usar ""el mismo"" y esas expresiones que no resuelven ambigüedad y confunden. Si se refieren al mundo pongan directamente ""o los detalles del mundo""",FALSE,
76,3. Parte central,"""también útil para la etapa de evaluación"" entorpece la lectura y quedaría bien al final, como cierre de los comentarios sobre el modo ""replay""",FALSE,
76,3. Parte central,"Al inicio de la 3.4.2 dicen que migraron de Gradio a Streamlit pero el lector no tiene por qué saber que había una interfaz de PAYADOR que usaba Gradio (que fue brevemente explicada en la tesis, además) :) Hagan una introducción para contarle eso al lector",FALSE,
76,3. Parte central,"""Implementamos inicializaci´on condicional al inicio del script: verificamos existencia de cada clave en session_state antes de crear valores default."" --- esto está muy githubero. Den contexto, desarrollen: ""Ya que (...), también implementamos (...). """,FALSE,
76,3. Parte central,"""st.session_state.world = None"" se sale del márgen",FALSE,
76,3. Parte central,"El ejemplo del ""if"" tiene que ir entre paréntesis porque no cambia en nada el desarrollo del párrafo",FALSE,
76,3. Parte central,"""Esta inicializaci´on lazy previene resetear estado cuando el usuario interact´ua con otros widgets"" --- Tribunal: ¿Qué otros widgets? ¿Qué son estos ""widgets""?",FALSE,
77,3. Parte central,"""acciones de debugging son esenciales durante desarrollo"" --- pongan algo como ""nos resultaron esenciales"", porque si bien es verdad que puede estar bueno si alguien retoma su código en el futuro, lo importante es que implementar esto les aceleró el proceso",FALSE,
77,3. Parte central,"""world_visualizer.py"" se sale de márgen",FALSE,
77,3. Parte central,"""el mundo a formato Mermaid"" ---- desarrollen esto. Yo no tenía ni idea qué es hasta que googleé, y me imagino que los del tribunal tampoco. Den una pequeña intuición de por qué es importante. De paso metan un footnote con la documentación.

METAN UN SCREENSHOT DE ESTO que le da al documento una linda vista y brilla el concepto de lo neurosimbólico ",FALSE,
77,3. Parte central,Entiendo que acá los paréntesis tienen todos contenido exhaustivo. Aclárenlo,FALSE,
77,3. Parte central,"""El nickname se almacena en session_state y se puede usar para personalizaci´on futura, aunque en un principio s´olo nos sirvi´o para identificar a los evaluadores"" --- den vuelta esto para enfatizar el caso contrario. ""El nickname que se puede ingresar en el sidebar permite identificar a los evaluadores. Sin embargo, creemos que esto podría tener otros usos a futuro, como por ejemplo (...)""",FALSE,
77,3. Parte central,"""Soportar m´ultiples idiomas no es solo traducir strings, sino garantizar coherencia narrativa completa en cada idioma sin mixing de lenguajes"" --- jajajajajajajaja están hablando de mezcla de lenguajes y dicen ""mixing de lenguajes"" jajajajaja :)))))))))))

Aparte de corregir eso, no queda claro qué quieren decir con todo eso. Explíquen un poco mejor; detallen más. No me quedó claro tampoco por qué hablan de ""garantizar coherencia narrativa"" ¿en qué afecta la lengua a la coherencia? Desarrollen más",FALSE,
78,3. Parte central,Los títulos en negrita no son necesarios. Es una sección relativamente corta y basta con que hilen los argumentos entre los 3 párrafos que hay,FALSE,
78,3. Parte central,El nombre de la función se va de margen,FALSE,
78,3. Parte central,"En el párrafo ""Este patr´on centralizado es ´util y simple, pero dificulta "" cambien el orden de los argumentos. Asegúrense primero decir lo bueno y luego lo malo, sin intercalar entre bueno-malo-bueno como ahora. Entonces quedaría ""Este patrón centralizado es útil y simple, ya que permite detectar strings faltantes (....). Sin embargo, dificulta agregar nuevos idiomas, pues requiere (...)""",FALSE,
78,3. Parte central,"""funciones dispatcher"" --- expliquen qué son aunque sea entre paréntesis",FALSE,
78,3. Parte central,"""en el mismo idioma que el juego actual"" --- en vez de ""juego"" pueden usar ""partida"" ¿no?",FALSE,
78,3. Parte central,"""narraci´on española"" --> ""narración en español""",FALSE,
78,3. Parte central,"""Un desaf´ıo observado fue mantener sincronizaci´on entre versiones"" --> ""En experimentos preliminares observamos que existe un desafío relevante: mantener la sincronización entre versiones.""",FALSE,
78,3. Parte central,"Recuerden que ""versión inglesa"" --> ""versión en inglés"" y ""versión española"" --> ""versión en español""",FALSE,
78,3. Parte central,"Del último párrafo que ponen en la sección de interfaz de usuario me queda una duda: ¿de dónde viene esta sincronización entre versiones? ¿Es que generan el mismo mundo en inglés y en español por las dudas antes de que la persona elija? ¿O por qué se da eso que comentan de ""verificar equivalencia semántica de contenidos""?

Expliquen bastante más esto porque no queda claro y me parece algo muy relevante. Yo hasta ahora venía entendiendo que el pipeline se ejecutaba solamente para la lengua elegida (inglés XOR español), pero ahora dudo de eso. De nuevo, me parece importante.",FALSE,
